name,cohort_year,position,century
Frederick Ellsworth Mather,1833,New York State Assembly (1854–1857)[2],19th
Phineas Timothy Miller,1833,physician[2],19th
William Huntington Russell,1833,"Connecticut State Legislator, Major General[3]: 82",19th
Alphonso Taft,1833,"U.S. Attorney General (1876–1877), Secretary of War (1876), Ambassador to Austria-Hungary (1882) and Russia (1884–1885), father of William Howard Taft[3]: 82",19th
George Ingersoll Wood,1833,clergyman[2],19th
Asahel Hooker Lewis,1833,newspaper editor and member of the Ohio General Assembly[2],19th
John Wallace Houston,1834,"Secretary of State of Delaware (1841–1844), associate judge Delaware Superior Court (1855–1893)[2]",19th
John Hubbard Tweedy,1834,delegate to the United States Congress from Wisconsin Territory (1847–1848)[2],19th
William Henry Washington,1834,Whig U.S. Congressman from North Carolina (1841–1843)[2],19th
John Edward Seeley,1835,US Representative from New York[2],19th
Thomas Anthony Thacher,1835,Professor of Latin at Yale University (1842–1886)[3]: 47,19th
Henry Champion Deming,1836,U.S. Representative from Connecticut[4]: 112,19th
William Maxwell Evarts,1837,"U.S. Secretary of State, Attorney General, Senator, grandson of Roger Sherman[3]: 131, 199 [5]",19th
Chester Smith Lyman,1837,"astronomer, Yale professor of Industrial Mechanics and Physics[2]",19th
Allen Ferdinand Owen,1837,US Representative from Georgia[2],19th
Benjamin Silliman Jr.,1837,Yale professor of chemistry[3]: 64,19th
Morrison Remmick Waite,1837,Chief Justice of the U.S. Supreme Court[3]: 89,19th
Joseph B. Varnum Jr.,1838,Speaker of the New York State Assembly[2],19th
Richard Dudley Hubbard,1839,"Governor of Connecticut, US Representative[2]",19th
James Mason Hoppin,1840,professor emeritus at Yale[6],19th
John Perkins Jr.,1840,"U.S. Representative from Louisiana, and then a senator in the Confederate States Congress[2]",19th
William Taylor Sullivan Barry,1841,U.S. Representative from Mississippi[4]: 67,19th
John Andrew Peters,1842,US Representative from Maine[7],19th
Benjamin Tucker Eames,1843,US Representative from Rhode Island[4]: 69,19th
Roswell Hart,1843,US Representative from New York[2],19th
Henry Stevens,1843,bibliographer[8],19th
Orris Sanford Ferry,1844,"US Senator from Connecticut, US Representative, US Brigadier General[4]: 70",19th
William Barrett Washburn,1844,"US Senator, Governor of Massachusetts.[2]",19th
Constantine Canaris Esty,1845,US Representative from Massachusetts[4]: 71,19th
Richard Taylor,1845,"Confederate General, Louisiana State Senator[2]",19th
Leonard Eugene Wales,1845,US District Court judge[4]: 71,19th
Henry Baldwin Harrison,1846,Governor of Connecticut[2],19th
Stephen Wright Kellogg,1846,US Representative from Connecticut[2],19th
Rensselaer Russell Nelson,1846,US District Court judge[4]: 71,19th
John Donnell Smith,1847,"botanical researcher, Captain in the Confederate Army[9]: 3 [10]",19th
Dwight Foster,1848,"Massachusetts Attorney General (1861–64), and a justice of the Massachusetts Supreme Judicial Court (1866–69)[2]",19th
Augustus Brandegee,1849,US Representative from Connecticut.[11]: 87,19th
Timothy Dwight V,1849,Yale President (1886–1899)[3]: 50,19th
Francis Miles Finch,1849,"New York Court of Appeals judge, Cornell University professor[4]: 74",19th
Ellis Henry Roberts,1850,US Representative from New York[12]: 270,19th
Richard Jacobs Haldeman,1851,Democratic member of the US House of Representatives from Pennsylvania[11]: 91,19th
William Wallace Crapo,1852,US Representative from Massachusetts[13]: 3,19th
Daniel Coit Gilman,1852,"president of the University of California, Johns Hopkins University, and the Carnegie Institution, founder of the Russell Trust Association[3]: 83–5",19th
George Griswold Sill,1852,Lieutenant Governor of Connecticut[2],19th
Andrew Dickson White,1853,cofounder and first President of Cornell University[14],19th
Carroll Cutler,1854,"President of Western Reserve College, now known as Case Western Reserve University.",19th
Luzon Buritt Morris,1854,Governor of Connecticut[15],19th
William DeWitt Alexander,1855,"educator, linguist, and surveyor of Hawaii[2]",19th
Chauncey Depew,1856,"Vanderbilt railroad attorney, US Senator[3]: 165",19th
Eli Whitney Blake Jr.,1857,"American scientist and educator, great-nephew of Eli Whitney[2]",19th
John Thomas Croxton,1857,"Civil War Brigadier General, United States Ambassador to Bolivia[11]: 103",19th
Moses Coit Tyler,1857,professor of history at Cornell University[16],19th
Burton Norvell Harrison,1859,private secretary to Jefferson Davis[4]: 90,19th
Eugene Schuyler,1859,"US Ambassador, author and translator[4]: 91",19th
Lowndes Henry Davis,1860,US Representative from Missouri[2],19th
William Walter Phelps,1860,US Representative from New Jersey[4]: 92,19th
Simeon E. Baldwin,1861,"Governor and Chief Justice of the State of Connecticut, son of Roger Sherman Baldwin[3]: 39",19th
Anthony Higgins,1861,US Senator[4]: 94,19th
Edward Rowland Sill,1861,"poet, professor at the University of California[11]: 112",19th
Daniel Henry Chamberlain,1862,Governor of South Carolina[4]: 95,19th
Franklin MacVeagh,1862,US Secretary of the Treasury[3]: 182,19th
Henry Farnum Dimock,1863,"Whitney family attorney, Director of the Yale Corporation[2]",19th
William Collins Whitney,1863,US Secretary of the Navy[3]: 183 [17]: 1099,19th
Charles Fraser MacLean,1864,New York Supreme Court judge[18],19th
John William Sterling,1864,"lawyer, co-founder Shearman & Sterling[19]",19th
John Manning Hall,1866,"lawyer, politician, and railroad executive[20]",19th
George Chandler Holt,1866,US District Court Judge[21]: 14,19th
Henry Morton Dexter,1867,"clergyman, editor, author[4]: 103",19th
Albert Elijah Dunning,1867,American theologian and author[18]: 1081,19th
Thomas Hedge,1867,US Representative from Iowa[11]: 123,19th
George Peabody Wetmore,1867,US Senator and Governor of Rhode Island[4]: 104,19th
Chauncey Bunce Brewster,1868,Bishop of the Episcopal Diocese of Connecticut[22]: 7,19th
LeBaron Bradford Colt,1868,US Senator and Circuit Court Judge[23]: 1302,19th
Wilson Shannon Bissell,1869,Postmaster General[24]: 489,19th
William H. Welch,1870,Dean of Johns Hopkins University[25]: 14,19th
Frederick Collin,1871,"judge, mayor of Elmira, New York[26]: 9",19th
Edwin Forrest Sweet,1871,US Representative from Michigan[27]: 15,19th
Thomas Thacher,1871,lawyer[28],19th
William Kneeland Townsend,1871,US Appeals Court judge[4]: 111,19th
George Foot Moore,1872,"author, Professor of theology at Harvard University[21]: 31",19th
Theodore Salisbury Woolsey,1872,"co-founder of the Yale Review, professor of international law[3]: 99",19th
Eben Alexander,1873,"American scholar, educator, dean and ambassador[4]: 114",19th
Samuel Oscar Prentice,1873,Chief Justice of the Supreme Court of Connecticut[23]: 1320,19th
Frank Bigelow Tarbell,1873,"classicist, professor of Greek and history at Yale, Harvard, and the University of Chicago[11]: 137",19th
Almet Francis Jenks,1875,Justice of the New York Supreme Court[23]: 1326,19th
John Patton Jr.,1875,US Senator[2],19th
Edward Curtis Smith,1875,Governor of Vermont[27]: 22,19th
Walker Blaine,1876,United States Department of State official[11]: 144,19th
Charles Newell Fowler,1876,US Representative from New Jersey[30]: 35,19th
Arthur Twining Hadley,1876,"Yale President 1899–1921[3]: 48, 58, 142",19th
Roger Sherman Baldwin Foster,1878,lawyer and author[18]: 1018,19th
Tudor Storrs Jenks,1878,author[31],19th
William Howard Taft,1878,"27th President of the United States, Chief Justice of the United States, Secretary of War[3]: 182 [32]",19th
Edward Baldwin Whitney,1878,New York Supreme Court justice[11]: 150,19th
Lloyd Wheaton Bowers,1879,Solicitor General of the United States[4]: 127,19th
Oliver David Thompson,1879,"lawyer, American football player and manager[23]: 1347",19th
Ambrose Tighe,1879,member Minnesota House of Representatives[9]: 77,19th
Timothy Lester Woodruff,1879,Lieutenant Governor of New York[2],19th
Walter Camp,1880,father of American football and exercise proponent[3]: 166 [23]: 1348,19th
Sidney Catlin Partridge,1880,"Bishop of Kyoto, Japan, Bishop of the Episcopal Diocese of West Missouri[33]: 80",19th
Henry Waters Taft,1880,"lawyer, Cadwalader, Wickersham & Taft[34]: 7",19th
Edwin Edgerton Aiken,1881,missionary[3]: 196 [35]: 6,19th
Thomas Burr Osborne,1881,"chemist, co-discoverer of Vitamin A[9]: 83–84",19th
Benjamin Brewster,1882,Bishop of Maine and Missionary Bishop of Western Colorado[22]: 19,19th
William Phelps Eno,1882,"traffic planner called the ""Father of Traffic Safety""[34]: 9",19th
Robert Campbell,1882,"son of businessman Robert Campbell, Harvard Law 1888.[36]",19th
Elihu Brintnal Frost,1883,"lawyer, president of several early submarine companies[13]: 112",19th
Eliakim Hastings Moore,1883,"mathematician, namesake of the Moore–Penrose pseudoinverse[37]: 47–8",19th
Joseph Robinson Parrott,1883,president of the Florida East Coast Railway[11]: 162,19th
Horace Dutton Taft,1883,"educator, founder of the Taft School[38]: 14–15",19th
Wilbur Franklin Booth,1884,US federal judge[39]: 14,19th
Maxwell Evarts,1884,"member of the Vermont House of Representatives, attorney for E. H. Harriman[3]: 165",19th
Frank Bosworth Brandegee,1885,US Representative and Senator[23]: 1369,19th
Alfred Cowles Jr.,1886,"lawyer, director Chicago Tribune[40]: 50",19th
Edward Johnson Phelps,1886,president of Northern Trust Safe Deposit Company[40]: 53,19th
Clinton Larue Hare,1887,"lawyer, college football coach[41]",19th
George Griswold Haven Jr.,1887,businessman[13]: 126,19th
Oliver Gould Jennings,1887,"financier, member of Connecticut House of Representatives[42]: 42",19th
William Kent,1887,United States Congressman for California[43]: 107,19th
Irving Fisher,1888,economist and eugenicist[44]: 14,19th
Richard Melancthon Hurd,1888,real estate executive[22]: 36–37,19th
Amos Alonzo Stagg,1888,college football Hall of Fame coach[3]: 126 [45],19th
Charles Otis Gill,1888,"clergyman, author, college football coach[11]: 179",19th
Henry L. Stimson,1888,"Governor-General of the Philippines, US Secretary of War, US Secretary of State[3]: 182 [32]",19th
Gifford Pinchot,1889,First Chief of U.S. Forest Service[32],19th
George Washington Woodruff,1889,"College Hall of Fame football coach, Acting Secretary of the Interior and Pennsylvania Attorney General[25]: 65",19th
Thomas F. Bayard Jr.,1890,US Senator[38]: 29,19th
Fairfax Harrison,1890,president Southern Railway Company[46]: 56–57,19th
Percy Hamilton Stewart,1890,US Representative from New Jersey[35]: 15,19th
Frederic Collin Walcott,1891,US Senator[47]: 21,19th
Hugh Aiken Bayne,1892,"lawyer Strong & Cadwalader, Adjutant General's Office and War Department during World War I[48]",19th
Howell Cheney,1892,"manufacturer, founded Howell Cheney Technical High School[4]: 160",19th
Clive Day,1892,Professor of economic history at Yale[49]: 10–11,19th
Henry S. Graves,1892,"co-founder and first Dean of Yale School of Forestry, 2nd chief of the U.S. Forest Service, founding member and 4th president of the Society of American Foresters[4]: 160",19th
James William Husted Jr.,1892,US Representative[23]: 1392,19th
Pierre Jay,1892,first chairman of the Federal Reserve Bank of New York[50],19th
Thomas Lee McClung,1892,"Treasurer of the United States, College Football Hall of Fame player[51]",19th
Edson Fessenden Gallaudet,1893,aviation pioneer[34]: 32,19th
Thomas Cochran,1894,partner in J.P. Morgan & Company[42]: 64,19th
John Howland,1894,pediatrician at the Johns Hopkins Hospital[52],19th
Ralph Delahaye Paine,1894,journalist and author[23],19th
Harry Payne Whitney,1894,"investment banker, husband of Gertrude Vanderbilt Whitney[3]: 187",19th
Frank Seiler Butterworth,1895,"member Connecticut State Senate, All-American football player and coach[35]: 30",19th
Francis Burton Harrison,1895,"US Representative from New York, Governor-General of the Philippines[4]: 166",19th
Frank Augustus Hinkey,1895,"zinc smelting business, College Football Hall of Fame player and coach[13]: 169–70",19th
Jules Henri de Sibour,1896,architect[40]: 92–93,19th
Anson Phelps Stokes,1896,clergyman and Secretary of Yale University (1899–1921)[3]: 74,19th
Samuel Brinckerhoff Thorne,1896,"mining engineer and executive, College Football Hall of Fame[33]: 149–51",19th
Henry Sloane Coffin,1897,president of the Union Theological Seminary[3]: 127,19th
Clarence Mann Fincke,1897,All-America football player[2],19th
Amos Richards Eno Pinchot,1897,Progressive leader[53]: 88–9,19th
James Wolcott Wadsworth Jr.,1898,U.S. Senator from New York[49]: 35,19th
William Payne Whitney,1898,Whitney family businessman and philanthropist[54]: 171,19th
Frederick H. Brooke,1899,"architect from Washington, D.C.[55]",19th
James McDevitt Magee,1899,US Representative from Pennsylvania[47]: 41,19th
Alfred Gwynne Vanderbilt,1899,member of the Vanderbilt family[56],19th
Frederick Baldwin Adams,1900,railroad executive[57],20th
Ashley Day Leavitt,1900,"Congregational minister, Harvard Congregational Church, Brookline, Massachusetts, frequent lecturer and public speaker[4]: 175",20th
Percy Rockefeller,1900,"director of Brown Brothers Harriman, Standard Oil, and Remington Arms[3]: 165 [27]: 104 [32]",20th
Charles Edward Adams,1904,director of the Federal Reserve Bank of New York[58],20th
Russell Cheney,1904,American painter and noted portrait artist.[3]: 86,20th
Thomas Day Thacher,1904,"US District Court judge, Solicitor General[3]: 183 [4]: 183",20th
John Gillespie Magee,1906,"Yale Chaplain, documenter of the Rape of Nanking[11]: 205",20th
Foster Rockwell,1906,All-America football player and coach[59]: 116,20th
William McCormick Blair,1907,"American financier, heir to the McCormick reaper fortune[60]",20th
Hugh Smith Knox,1907,All-America football player[61]: 102,20th
Samuel Finley Brown Morse,1907,"developer and conservationist, All-America football player[11]: 206",20th
Lucius Horatio Biglow,1908,All-America football player and coach[4]: 189,20th
Charles Seymour,1908,"President of Yale (1937–1951), founding member of The Council on Foreign Relations[3]: 127, 147 [32]",20th
Harold Stanley,1908,co-founder of Morgan Stanley[62],20th
Harvey Hollister Bundy,1909,Assistant Secretary of State (1931–1933)[3]: 183,20th
Allen Trafford Klots,1909,"New York City lawyer and president of the New York City Bar Association, partner at Winthrop & Stimson[3]: 183–4",20th
Edward Harris Coy,1910,College Football Hall of Fame player[61]: 107–8,20th
Albert DeSilver,1910,co-founder American Civil Liberties Union[23]: 1442,20th
George Leslie Harrison,1910,President of the Federal Reserve Bank of New York[3][63],20th
Stephen Philbin,1910,"All-American football player, lawyer[63]",20th
Robert Alphonso Taft,1910,US Senator from Ohio[3]: 126 [32][63],20th
Robert Abbe Gardner,1912,two-time U.S. Amateur-winning golfer[64]: 142,20th
Gerald Clery Murphy,1912,painter[64]: 237,20th
Alfred Cowles III,1913,"economist, founder of the Cowles Commission[65]",20th
Averell Harriman,1913,"businessman, founding partner in Harriman Brothers & Company and later Brown Brothers Harriman & Co., U.S. Ambassador and Secretary of Commerce, Governor of New York, chairman and CEO of the Union Pac",20th
Henry Holman Ketcham,1914,College Football Hall of Fame[66]: 218,20th
Edwin Arthur Burtt,1915,philosopher[67]: 983,20th
Archibald MacLeish,1915,"poet and diplomat[3]: 185, 187–9",20th
Wesley Oler,1916,"baseball player and track and field athlete, competed in the 1912 Summer Olympics[68]: 171–2",20th
Howard Phelps Putnam,1916,poet[3]: 155,20th
Donald Ogden Stewart,1916,"author and screenwriter, Academy Award-winner for The Philadelphia Story[3]: 127 [32]",20th
Prescott Bush,1917,"founding partner in Brown Brothers Harriman & Co., US Senator from Connecticut.[3]: 126, 144–5  His nickname was ""The Japanese"".",20th
E. Roland Harriman,1917,co-founder Harriman Brothers & Company[69],20th
Harry William LeGore,1917,All-America college football player[70],20th
H. Neil Mallon,1917,"CEO of Dresser Industries[3]: 126, 145, 168",20th
Kenneth Farrand Simpson,1917,member of the United States House of Representatives from New York[22]: 144 [32],20th
Howard Malcolm Baldrige,1918,US Representative from Nebraska[71],20th
F. Trubee Davison,1918,"WWI aviator, Assistant US Secretary of War, New York State Representative, Director of Personnel at the CIA[3]: 108, 187 [72][73]",20th
John Chipman Farrar,1918,"publisher, founder of Farrar & Rinehart and Farrar, Straus and Giroux[3]: 127",20th
Artemus Lamb Gates,1918,"businessman, US Assistant Secretary of the Navy for Air[69]",20th
Robert A. Lovett,1918,US Secretary of Defense[3]: 184–8 [74],20th
Charles J. Stewart,1918,first chairman of Manufacturers Hanover Trust Company[75],20th
Charles Phelps Taft II,1918,"son of President William Howard Taft, Mayor of Cincinnati, Ohio[76]",20th
John Martin Vorys,1918,US Representative from Ohio[71][77]: 427,20th
Lewis Greenleaf Adams,1920,architect[2][78],20th
Briton Hadden,1920,"co-founder of Time-Life Enterprises[3]: 127, 150",20th
Francis Thayer Hobson,1920,chair of William Morrow[2][78],20th
David Sinton Ingalls,1920,"WWI Navy Flying Ace, Ohio State Representative, Assistant Secretary of the Navy[69]",20th
Henry Luce,1920,co-founder of Time-Life Enterprises[3]: 109–10,20th
Juan Terry Trippe,1921,Founder Pan American Airways,20th
Stanley Woodward,1922,"US Foreign Service officer, State Department Chief of Protocol, US Ambassador to Canada[79]",20th
John Sherman Cooper,1923,US Senator from Kentucky[80]: 19,20th
Russell Davenport,1923,editor of Fortune magazine; created Fortune 500 list[81],20th
F. O. Matthiessen,1923,"historian, literary critic[3]: 126",20th
Edwin Foster Blair,1924,lawyer[82],20th
Walter Edwards Houghton,1924,"historian of Victorian literature, compiler of The Wellesley Index to Victorian Periodicals, 1824–1900[82][83]",20th
Charles Merville Spofford,1924,lawyer and NATO official[82],20th
Marvin Allen Stevens,1925,"orthopedic surgeon, College Football Hall of Fame player and coach[84]",20th
James Jeremiah Wadsworth,1927,"diplomat, US Ambassador to the UN[85]",20th
George Herbert Walker Jr.,1927,financier and co-founder of the New York Mets; uncle to President George Herbert Walker Bush[3]: 164,20th
John Rockefeller Prentice,1928,lawyer and cattle breeder[86],20th
Lanny Ross,1928,singer.[32][86][87],20th
Granger Kent Costikyan,1929,partner Brown Brothers Harriman[88],20th
George Crile Jr.,1929,surgeon[89]: 50,20th
Charles Alderson Janeway,1930,Professor of Pediatrics at Harvard Medical School[90],20th
H. J. Heinz II,1931,heir to H. J. Heinz Company; father of H. John Heinz III[3]: 174,20th
Lewis Abbot Lapham,1931,banking and shipping executive[3],20th
John M. Walker,1931,"physician, investment banker[3]: 164",20th
Frederick Baldwin Adams Jr.,1932,"bibliophile, director of the Pierpont Morgan Library[91]",20th
Samuel Hazard Gillespie Jr.,1932,"U.S. Attorney for the Southern District of New York, senior counsel at Davis Polk & Wardwell[92]",20th
Tex McCrary,1932,"journalist, public relations and political strategist to President Eisenhower[3]: 125 [93]",20th
Eugene O'Neill Jr.,1932,"professor of Greek literature, son of Eugene O'Neill[35]: 94",20th
Francis Judd Cooke,1933,composer[94],20th
Samuel Carnes Collier,1935,"advertising, racecar driver[35]",20th
Lyman Spitzer,1935,theoretical physicist and namesake of the NASA Spitzer Space Telescope[95],20th
Sonny Tufts,1935,actor[96],20th
Jonathan Brewster Bingham,1936,U.S. Representative (D-New York)[3]: 165,20th
Brendan Gill,1936,author and New Yorker contributor[3]: 127,20th
John Hersey,1936,author[3]: 127,20th
John Merrill Knapp,1936,"musicologist, professor at Princeton University[2]",20th
William H. Orrick Jr.,1937,"United States federal judge, brother of Andrew Downey Orrick[97]",20th
Potter Stewart,1937,"U.S. Supreme Court Justice[3]: 127, 171 [97]",20th
J. Richardson Dilworth,1938,Rockefeller family lawyer[98],20th
Clinton Frank,1938,"advertising, College Football Hall of Fame and Heisman Trophy-winning player[99]",20th
Albert Hessberg II,1938,"lawyer, first Jewish member of Skull and Bones[100][101]",20th
William P. Bundy,1939,"State Department liaison for the Bay of Pigs invasion, brother of McGeorge Bundy[3]: 186",20th
William Welch Kellogg,1939,"climatologist, associate director National Center for Atmospheric Research[102]",20th
McGeorge Bundy,1940,"Special Assistant for National Security Affairs; National Security Advisor; Professor of History, brother of William Bundy[3]: 53",20th
Andrew Downey Orrick,1940,acting chairman of the Securities and Exchange Commission[103],20th
Barry Zorthian,1941,"American diplomat, most notably press officer in Saigon for 4+1⁄2 years during Vietnam War[3]: 173 [104][105]",20th
David Acheson,1943,"author, lawyer, son of Dean Acheson[3]: 188",20th
James L. Buckley,1944,"U.S. Senator (R-New York 1971–1977) and brother of William F. Buckley Jr.[3]: 168, 174 [106][107]",20th
John Bannister Goodenough,1944,solid-state physicist at the University of Texas at Austin[108] and winner of the 2019 Nobel Prize in Chemistry,20th
Townsend Walter Hoopes II,1944,"historian, Under Secretary of the Air Force (1967–69)[3]: 188",20th
William Singer Moorhead,1944,US Representative from Pennsylvania[77][109],20th
James Whitmore,1944,actor[110],20th
John Chafee,1947,"U.S. Senator, Secretary of the Navy and Governor of Rhode Island, father of Lincoln Chafee[3]: 168, 171",20th
Josiah Augustus Spaulding,1947,"lawyer, partner Bingham Dana & Gould[111]",20th
Charles S. Whitehouse,1947,"CIA Agent (1947–1956), U.S. Ambassador to Laos and Thailand in the 1970s.[3]: 174",20th
Thomas William Ludlow Ashley,1948,US Representative from Ohio[3]: 167–72,20th
George H. W. Bush,1948,"41st President of the United States, 11th Director of Central Intelligence (CIA), son of Prescott Bush, father of George W. Bush. His Skull and Bones nickname was ""Magog"".[3]: 167–8 [112]",20th
William Sloane Coffin,1949,"CIA agent (1950–1953), clergyman and peace activist[3]: 127, 196",20th
Daniel Pomeroy Davison,1949,"banker, president United States Trust Corporation[113]",20th
Tony Lavelli,1949,basketball player[3]: 169 [114],20th
David McCord Lippincott,1949,novelist and composer[115],20th
Charles Edwin Lord II,1949,"banker, Vice-chairman of the Export-Import Bank of the United States[116]",20th
William F. Buckley Jr.,1950,"founder of National Review,[3]: 41  former CIA officer",20th
William Henry Draper III,1950,"Chair of United Nations Development Programme and Export-Import Bank of the United States[3]: 174–5, 179",20th
Evan G. Galbraith,1950,"US Ambassador to France; managing director of Morgan Stanley[3]: 181, 187 [117]",20th
Thomas Henry Guinzburg,1950,president Viking Press[118],20th
Raymond Price,1951,"speechwriter for Presidents Nixon, Ford, and Bush.[3]: 173",20th
Fergus Reid Buckley,1952,author and public speaker[2],20th
Charles Sherman Haight Jr.,1952,Connecticut District Court judge[2],20th
Jonathan James Bush,1953,"banker, son of Prescott Bush[3]: 145, 179",20th
William H. Donaldson,1953,"appointed chairman of the U.S. Securities and Exchange Commission by George W. Bush; founding dean of Yale School of Management; co-founder of Donaldson, Lufkin & Jenrette investment firm[3]: 166, 173",20th
John Birnie Marshall,1953,Olympic medal-winning swimmer[2],20th
James Price McLane,1953,Olympic medal-winning swimmer[120],20th
George Herbert Walker III,1953,US Ambassador to Hungary[3]: 164,20th
David McCullough,1955,U.S. historian; two-time Pulitzer Prize winner[3]: 127,20th
Caldwell Esselstyn,1956,"Olympic medal-winning rower, physician, author[121]",20th
Jack Edwin McGregor,1956,"Pennsylvania State Senator, founder Pittsburgh Penguins[110]",20th
R. Inslee Clark Jr.,1957,"former Director of Undergraduate Admissions for Yale College; former Headmaster of Horace Mann School[3]: 153, 176",20th
Linden Stanley Blue,1958,aviation executive[2],20th
Robert Morey,1958,Olympic medal-winning rower[2],20th
Stephen Adams,1959,"American businessman, founder Adams Outdoor[3]: 180",20th
Winston Lord,1959,"Chairman of Council on Foreign Relations; Ambassador to China; Assistant U.S. Secretary of State[3]: 174–5, 189 [117]",20th
Eugene Lytton Scott,1960,"tennis player, founder Tennis Week[122]",20th
Michael Johnson Pyle,1960,National Football League player[2],20th
William Hamilton,1962,New Yorker cartoonist[123],20th
David L. Boren,1963,"Governor of Oklahoma, U.S. Senator, President of the University of Oklahoma[3]: 124, 158 [124]",20th
Michael Gates Gill,1963,"advertising executive, author[125]",20th
William Dawbney Nordhaus,1963,Sterling Professor of Economics at Yale University and winner of the 2018 Nobel Prize in Economics[2],20th
Orde Musgrave Coombs,1965,"author, editor, first black member of Skull and Bones[126]",20th
John Shattuck,1965,"US diplomat and ambassador, university administrator[110]",20th
John Forbes Kerry,1966,68th United States Secretary of State (2013–2017); U.S. Senator (D-Massachusetts; 1985–2013);  Lieutenant Governor of Massachusetts (1983–1985); 2004 Democratic Party Presidential nominee;[3]: 112,20th
David Rumsey,1966,founder of the David Rumsey Map Collection and president of Cartography Associates[2],20th
Frederick Wallace Smith,1966,"founder of FedEx[3]: 172, 180–1 [127]",20th
David Thorne,1966,United States Ambassador to Italy[3]: 85,20th
Victor Ashe,1967,"Tennessee State Senator and Representative, Mayor of Knoxville, Tennessee, US Ambassador to Poland[3]: 181–2 [128]",20th
Roy Leslie Austin,1968,"appointed ambassador to Trinidad and Tobago by George W. Bush[3]: 177, 181–2 [129]",20th
George W. Bush,1968,"grandson of Prescott Bush; son of George H. W. Bush; 46th Governor of Texas; 43rd President of the United States. His nickname was either ""Gog""[3]: 4~3:33  or “Temporary”.[130]",20th
Rex William Cowdry,1968,Acting Director National Institute of Mental Health (1994–96)[3]: 177,20th
Robert McCallum Jr,1968,"Ambassador to Australia[3]: 177, 181 [131]",20th
Don Schollander,1968,"developer; author; US Olympic Hall of Fame inductee; four-time Olympic Gold medallist swimmer[3]: 126, 177",20th
Brian John Dowling,1969,"National Football League player, inspiration for B.D. in Doonesbury[2]",20th
Stephen Allen Schwarzman,1969,co-founder of The Blackstone Group[132][133],20th
Douglas Preston Woodlock,1969,US federal judge[134],20th
Charles Herbert Levin,1971,actor[2],20th
George E. Lewis,1974,trombonist and composer[135],20th
Christopher Taylor Buckley,1975,"author, editor, chief speechwriter for Vice President George H. W. Bush[3]: 173",20th
Robert Curtis Brown,1979,"American Film, Television and Stage Actor[2]",20th
Robert William Kagan,1980,foreign policy writer[2],20th
Michael Cerveris,1983,"American actor, singer, and guitarist[2]",20th
Earl G. Graves Jr.,1984,president of Black Enterprise[136],20th
Edward S. Lampert,1984,founder of ESL Investments; chairman of Sears Holdings Corporation[3]: 180 [136],20th
James Emanuel Boasberg,1985,"judge, United States District Court for the District of Columbia[110]",20th
Steven Mnuchin,1985,United States Treasury Secretary[110],20th
Paul Giamatti,1989,"American actor and producer; son of A. Bartlett Giamatti, President of Yale 1978-86[137]",20th
Dana Milbank,1990,author and columnist at The Washington Post[138],20th
Austan Goolsbee,1991,staff director to and chief economist of President Barack Obama's Economic Recovery Advisory Board[139],20th
David Leonhardt,1994,journalist and columnist at The New York Times[140],20th
Angela Buchdahl,1994,first East-Asian American ordained Rabbi and Chief Rabbi of Central Synagogue[141],20th
Tali Farhadian Weinstein,1997,"attorney, professor, and former candidate for New York County District Attorney [142]",20th
Noah P. Hood,2008,"justice, Michigan Supreme Court[143]",20th
ISBN,2003,". ""The Skeleton Crew"". Fleshing Out Skull and Bones: Investigations into America's Most Powerful Secret Society. Walterville, OR: Trine Day. pp. 597–690. ISBN 0-9720207-2-1. ""This list is compiled fro",20th
"Robbins, Alexandra",2002,". Secrets of the Tomb: Skull and Bones, the Ivy League, and the Hidden Paths of Power. Boston: Little, Brown. ISBN 0-316-72091-7. Retrieved November 15, 2015.",20th
ISBN,1989,". Selvages and Biases: The Fabric of History in American Culture. Cornell University Press. p. 223. ISBN 0801494044. Retrieved November 15, 2015.",20th
University of Illinois,1995,". Stagg's University: The Rise, Decline, and Fall of Big-time Football at Chicago. University of Illinois Press. p. 9.",20th
ISBN,2004,". American dynasty: aristocracy, fortune, and the politics of deceit in the house of Bush. Penguin. ISBN 9781101200803. Retrieved November 15, 2015.",20th
ISBN,2006,. The Millionaires' Unit: The Aristocratic Flyboys who Fought the Great War and Invented America's Airpower. New York: Public Affairs. ISBN 1-58648-328-5.,20th
"Isaacson, Walter",1997,. The Wise Men: Six Friends and the World They Made. Simon and Schuster. p. 690.,20th
ISBN,1992,". The way it was: sex, surgery, treasure, and travel, 1907–1987. Kent State University Press. ISBN 9780873384650. Retrieved November 15, 2015.",20th
"Rosenbaum, Ron",1977,". ""The Last Secrets of Skull and Bones"". Esquire. ISBN 9780375503382. Retrieved March 27, 2011.",20th
ISBN,2005,". Yale's Ironmen: A Story of Football & Lives in the Decade of the Depression & Beyond. iUniverse. p. 157. ISBN 9780595803798. Retrieved November 15, 2015.",20th
ISBN,1985,". Joining the Club: A History of Jews and Yale. New Haven: Yale University Press. pp. 87–88, 351. ISBN 0-300-03330-3.",20th
PublishAmerica,2008,". Witness to Grace. PublishAmerica. ISBN 9781462607570. Retrieved November 15, 2015.",20th
ISBN,1991,". Vietnam, a history. Viking. p. 571. ISBN 978-0-14-014533-5.",20th
"Judis, John B.",2001,". William F. Buckley Jr.: Patron Saint of the Conservatives. Simon and Schuster. ISBN 9780743217972. Retrieved November 15, 2015.",20th
Presidential appointee,1869,"Presidential appointee, United States Solicitor, Department of State, son of Henry Jarvis Raymond, founder NY Times, and prominent in forming the Republican Party[25]",19th
1912 Summer Olympics,1916,"American baseball player and track and field athlete, competed in the 1912 Summer Olympics[69]: 171–2",20th
Fortune,1929,editor and publisher (Fortune)[91],20th
Debevoise & Plimpton,1943,"lawyer, partner Debevoise & Plimpton[2]",20th
J. Paul Getty Museum,1961,"art historian, director J. Paul Getty Museum[127]",20th
"Robert McCallum, Jr",1968,"Ambassador to Australia[3]: 177, 181 [136]",20th
Vice,1988,political reporter for Vice. Dead Man's Jacket Guitarist[142][143][144],20th
Angela Warnick Buchdahl,1994,senior rabbi at New York's Central Synagogue[149],20th
