name,years,country,sector,position
Robert Andre,,France,,President of theSyndicat de Petrole
Ralph Assheton,,United Kingdom,,Member of Parliament; Former Parliamentary Secretary to Ministry of Supply; Former Financial Secretary to the Treasury
G. De Beaumont,,France,,Member of Parliament
Pierre Bonvoisin,,Belgium,,Banker; President of theBanque de la Societe Generale de Belgique(SGB)
Robert Boothy,,United Kingdom,,Member of Parliament
Max Brauer,,West Germany,,Former Mayor and President of the Land ofHamburg
Raffaele Cafiero,,Italy,,Senator
Walker L. Cisler,,United States,,"Public Utility Executive; President,Detroit Edison Co; Consultant toAtomic Energy CommissionandMutual Security Agency"
Gardner Cowles,,United States,,Publisher
Clement Davies,,United Kingdom,,Member of Parliament; Former Minister Chairman of ParliamentaryLiberal Party
Jean Drapier,,Belgium,,Lawyer
Roger Duchet,,France,,"Member of Parliament; Former Minister; Secretary General,Independents and Peasants Party"
Maurice Faure,,France,,Member of Parliament
John H. Ferguson,,United States,,"Lawyer; Vice-president and Executive Director, Committee for a National Trade Policy; Deputy Director,Policy Planning Staff,Department of State, 1951-1953"
John Foster,,United Kingdom,,Member of Parliament; ParliamentaryUndersecretary of State for Commonwealth Relations
Oliver Franks,,United Kingdom,,Former Ambassador inWashington; Chairman ofLloyd's Bank
Gerhard P. Th. Geyer,,West Germany,,Industrialist; Director General ofEsso
Colin Gubbins,,United Kingdom,,Major General; Formerly in Charge ofSpecial Operations Executive(SOE)
Denis Healey,,United Kingdom,,Member of Parliament; Former Secretary of the International Committee of theLabour Party
Henry John Heinz II,,United States,,"President,H.J. Heinz Co"
Leif Hoegh,,Norway,,Shipowner; Founder ofLeif Höegh & Co
C. D. Jackson,,United States,,Publisher; Formerly Special Assistant to PresidentEisenhower(1953-1954)
Nelson Dean Jay,,United States,,"Banker; Director,J. P. Morgan & Co Inc. New York"
Panagiotis Kanellopoulos,,Greece,,Member of Parliament; Minister of National Defense
V. J. Koningsberger,,Netherlands,,"Professor,State University Utrecht"
Ole Bjorn Kraft,,Denmark,,Member of Parliament; Former Minister of Foreign Affairs
Paul Leverkuehn,,West Germany,,Member of Parliament; Lawyer
Giovanni Malagodi,,Italy,,Member of Parliament
Finn Moe,,Norway,,"Member of Parliament; Chairman, Parliamentary Foreign Affairs Committee; Vice-President,Council of Europe"
H. Montgomery Hyde,,United Kingdom,,Member of Parliament
Roger Motz,,Belgium,,Senator; Chairman of theLiberal International; Former Chairman of theLiberal Party
Rudolf Mueller,,West Germany,,Lawyer
George C. McGhee,,United States,,"Industrialist Assistant Secretary of State for Near Eastern & South African Affairs (1949-1952); U.S. Ambassador and Chief, American Mission for Aid to Turkey (1951-1953)"
George Nebolsine,,United States,,"Lawyer; Consultant to Department of State and Economic Cooperation Administration (1948); Trustee, U.S. Council of International Chamber of Commerce"
H. Oosterhuis,,Netherlands,,Member of Parliament; President of the Netherlands Federation of Trade Unions
Cola G. Parker,,United States,,Industrialist; Member ofCommission on Foreign Economic Policy(Randall Commission)
George W. Perkins,,United States,,Industrialist;Assistant Secretary of State for European Affairs(1949-1953)
Harry Pilkington,,United Kingdom,,"President,Federation of British Industries"
Antoine Pinay,,France,,Member of Parliament; Former Prime Minister
Panagiotis Pipinelis,,Greece,,Former Foreign Minister; Former Ambassador to Soviet Union
Alberto Pirelli,,Italy,,Industrialist; Minister of State
Pietro Quaroni,,Italy,,Ambassador to France; Former Ambassador to the Soviet Union
Ludwig Rosenberg,,West Germany,,Chief of Department of Foreign Affairs of the Trade Unions
Paolo Rossi,,Italy,,Member of Parliament
Denis de Rougemont,,Switzerland,,"Author; Director, European Cultural Center"
Paul Rijkens,,United States,,Industrialist; Chairman ofUnilever N.V.
Ernst Georg Schneider,,United States,,"Industrialist; President, Chamber of Commerce of Düsseldorf"
"Joseph P. Spang, Jr.",,United States,,"Industrialist; President,The Gillette Co."
Max Steenberghe,,Netherlands,,FormerMinister of Economic Affairs of the Netherlands
Pierre-Henri Teitgen,,France,,Vice-president of the Council of Ministers
Terkel M. Terkelsen,,Denmark,,"Chief editor,Berlingske Tidende"
Herbert Tingsten,,Sweden,,"Chief editor,Dagens Nyheter"
H. Troeger,,West Germany,,Minister of Finance of Hesse
Vittorio Valletta,,Italy,,Industrialist; President ofFIAT
Andre Voisin,,France,,"President,La Federation"
H. F. van Walsem,,Netherlands,,Industrialist; Member of the Board ofPhilips IndustriesEindhoven
Jean Willems,,Belgium,,Fondation Universitaire
Thomas Williamson,,United Kingdom,,"General Secretary,National Union of General and Municipal Workers"
B. H. M. Vlekke,,Netherlands,,Secretary General of the Netherlands' Society of International Affairs
Raymond Aron,,France,,
David Astor,,United Kingdom,,
George Ball,,United States,,
Fritz Berg,,West Germany,,
Muharrem Nuri Birgi,,Turkey,,
Eugene R. Black Sr.,,United States,,
Robert R. Bowie,,United States,,
McGeorge Bundy,,United States,,
Hakon Christiansen,,Denmark,,
Walker Lee Cisler,,United States,,
Pierre Commin,,France,,
B. D. Cooke,,United Kingdom,,
Arthur Dean,,United States,,
Thomas E. Dewey,,United States,,
William Elliot,,United Kingdom,,
Fritz Erler,,West Germany,,
Amintore Fanfani,,Italy,,
John Ferguson,,United States,,
J. William Fulbright,,United States,,
Jean de la Garde,,France,,
Lincoln Gordon,,United States,,
F. A. de Graaff,,Netherlands,,
Lawrence Hafstad,,United States,,
Jens Christian Hauge,,Norway,,
Brooks Hays,,United States,,
Arnold Heeney,,Canada,,
Michael A. Heilprin,,United States,,
Leif Høegh,,Norway,,
Paul G. Hoffman,,United States,,
Charles Douglas Jackson,,United States,,
William H. Jackson,,United States,,
Per Jacobsson,,Sweden,,
George F. Kennan,,United States,,
Kurt Georg Kiesinger,,West Germany,,
Henry Kissinger,,United States,,
Piet Lieftinck,,Netherlands,,
Imbriani Longo,,Italy,,
Paul Martin,,Canada,,
David Maxwell,,United Kingdom,,
John J. McCloy,,United States,,
David J. McDonald,,United States,,
Ralph McGill,,United States,,
Adnan Menderes,,Turkey,,
Alexander Menne,,West Germany,,
Robert Daniel Murphy,,United States,,
Frank C. Nash,,United States,,
Paul Nitze,,United States,,
Allan Noble,,United Kingdom,,
Morehead Patterson,,United States,,
John Pomian,,United Kingdom,,
Don K. Price,,United States,,
Henry Lithgow Roberts,,United States,,
David Rockefeller,,United States,,
Herman van Roijen,,Netherlands,,
Dean Rusk,,United States,,
Paul Rykens,,Netherlands,,
J. L. S. Steel,,United Kingdom,,
Arthur Hays Sulzberger,,United States,,
Terkel Terkelsen,,Denmark,,
John M. Vorys,,United States,,
Marcus Wallenberg Jr.,,Sweden,,
Frazar Wilde,,United States,,
Alexander Wiley,,United States,,
Otto Wolff von Amerongen,,West Germany,,
W. T. Wren,,United Kingdom,,
Paul van Zeeland,,Belgium,,
Hermann Josef Abs,,West Germany,,
Dean Acheson,,United States,,
Gianni Agnelli,,Italy,,
Walworth Barbour,,United States,,
Wilfrid Baumgartner,,France,,
Edward Beddington-Behrens,,United Kingdom,,
Berthold Beitz,,West Germany,,
Pieter Blaisse,,Netherlands,,
James Boden,,West Germany,,
Erik Boheman,,Sweden,,
Warren Randolph Burgess,,United States,,
Louis Camu,,Belgium,,
Guido Carli,,Italy,,
Clifford P. Case,,United States,,
Victor Cavendish-Bentick,,United Kingdom,,
Ralph Cochrane,,United Kingdom,,
Erich Dethleffsen,,West Germany,,
Hugh Gaitskell,,United Kingdom,,
Walter L. Gordon,,Canada,,
Jo Grimmond,,United Kingdom,,
Walter Hallstein,,West Germany,,
Joseph C. Harsch,,United States,,
Gabriel Hauge,,United States,,
Michael Heilprin,,United States,,
Eelco van Kleffens,,Netherlands,,
Edward Knollys,,United Kingdom,,
Ole Kraft,,Denmark,,
Thorkil Kristensen,,Denmark,,
Philip Mosely,,United States,,
Alfred C. Neal,,United States,,
David Ormsby-Gorex,,United Kingdom,,
Frans Otten,,Netherlands,,
Alfred Roberts,,United Kingdom,,
Michael Ross,,United States,,
Jacques Rueff,,France,,
Carlo Schmid,,West Germany,,
Cortlandt V. R. Schuyler,,United States,,
J. L. S. Steele,,United Kingdom,,
Henry Tiarks,,United Kingdom,,
Every Vermeer,,Netherlands,,
Marcus Wallenberg,,Sweden,,
James David Zellerbach,,United States,,
Gianni Agnelli,,"Vice-president,FIAT",,Italy
Robert Orville Anderson,,"President,Aspen Institute for Humanistic Studies",,United States
Raymond Aron,,Journalist and University Professor,,France
George Ball,,Under Secretary of State,,United States
John W. H. Bassett,,"Chairman and publisher,The Telegramme",,Canada
Jacques Baumel,,"Senator; Secretary General,Union pour la Nouvelle Republique",,France
Wilfrid Baumgartner,,Former Minister of Finance,,France
Henrik Beer,,"Secretary General,League of Red Cross Societies",,Sweden
Frederic Bennett,,Member of Parliament,,United Kingdom
Fritz Berg,,"President,Federation of German Industries",,West Germany
Muharrem Nuri Birgi,,Ambassador toNATO,,Turkey
Kurt Birrenbach,,Member of Parliament,,West Germany
Pieter Blaisse,,Member of Parliament; Member ofEuropean Parliament,,Netherlands
Max Brauer,,Former Burgomaster of Hamburg; Member of Parliament,,West Germany
James Callaghan,,Member of Parliament,,United Kingdom
Victor Cavendish-Bentinck,,Adviser on Foreign Affairs toUnilever,,West Germany
Albin Chalandon,,"Director,Banque Commerciale de Paris",,France
Paul Chambers,,"Chairman,Imperial Chemical Industries Limited",,United Kingdom
Walker Lee Cisler,,Industrialist,,United States
Harold van B. Cleveland,,"Director, Atlantic Policy Studies",,United States
Emilio Collado,,"Vice President,Standard Oil New Jersey",,United States
Lammot du Pont Copeland,,President ofE.I. du Pont de Nemours Inc.,,United States
Karl Czernetz,,MP; Chairman Foreign Affairs Committee of theAustrian Parliament,,Austria
Sven Dahlman,,Former Ambassador,,Sweden
Arthur Dean,,International Lawyer and Diplomat,,United States
Alighiero de Micheli,,"Industrialist; Former Chairman,Federation of Italian Industries",,Italy
James Duncan,,Company Director,,Canada
Nejat Eczacıbaşı,,President ofEczacıbaşı İlaçlarıLimited Şirketi,,Turkey
Hans Engen,,Under Secretary of State; Ministry of Foreign Affairs,,Norway
Fritz Erler,,Member of Parliament,,West Germany
Maurice Faure,,Member of Parliament,,France
André Fontaine,,Chief Foreign ServiceLe Monde,,France
Cornelius Gallagher,,Congressman,,United States
Pierre Gallois,,General,,France
William Gossett,,Deputy Special Representative for Trade Negotiations,,United States
A. G. S. Griffin,,Banker,,Canada
Colin Gubbins,,Industrialist,,United Kingdom
Guillaume Guindey,,"General manager,Bank for International Settlements",,France
Gabriel Hauge,,"Vice-Chairman, ManufacturersHanover Trust Company",,United States
Denis Healey,,Member of Parliament; Labour Party Spokesman on Defense,,United Kingdom
Edward Heath,,Lord Privy Seal,,United Kingdom
Henry J. Heinz II,,"Chairman of the Board,Heinz",,United States
Hans von Herwarth,,Secretary of State to Federal President,,West Germany
William Alexander Hewitt,,"President,Deere & Company",,United States
Bourke B. Hickenlooper,,Senator,,United States
Leif Høegh,,Shipowner,,Norway
Charles D. Jackson,,"Publisher,Life Magazine",,United States
Paul Jolles,,Delegate of the Federal Council for Trade Agreements,,Switzerland
Herman Kling,,Minister of Justice,,Sweden
Max Kohnstamm,,"Vice-President,Action Committee for a United States of Europe",,Netherlands
Ole Bjørn Kraft,,Former Minister of Foreign Affairs; Member of Parliament,,Denmark
Lyman L. Lemnitzer,,Supreme Commander Allied Forces in Europe,,United States
Emiel van Lennep,,"Chairman, Monetary CommitteeEEC",,Netherlands
Sicco Mansholt,,"Vice-President, EEC",,Netherlands
Edward Mason,,Professor,,United States
René Massigli,,Ambassador,,France
Marcelo Duarte Matias,,Ambassador to France; Former Minister of Foreign Affairs,,Portugal
George McGhee,,Government Official,,United States
Johannes Meynen,,"President,AKU",,Netherlands
Roland Michener,,Barrister and Business Executive,,Canada
Guy Mollet,,Former Prime Minister,,France
Robert Murphy,,"President,Corning Glass International",,United States
George Nebolsine,,International Lawyer,,United States
Paul Nitze,,"Assistant Secretary for International Affairs, Department of Defense",,United States
Johan Nykopp,,Former Ambassador; General Manager ofTampella,,Finland
Aurelio Peccei,,Managing Director of Italconsult,,Italy
Mario Pedini,,Member of Parliament; Member ofEuropean Parliament,,Italy
James A. Perkins,,Vice-president ofCarnegie Corporation; President-elect ofCornell University,,United States
Max Petitpierre,,Former President of Swiss Confederation,,Switzerland
Jacques Piette,,Civil Servant,,France
Antoine Pinay,,Former Prime Minister,,France
Alberto Pirelli,,Industrialist,,Italy
René Pleven,,Member of Parliament; Former Prime Minister,,France
Pietro Quaroni,,Ambassador to the United Kingdom,,Italy
David Rockefeller,,"President,Chase Manhattan Bank",,United States
Ivo Samkalden,,Professor of International Law,,Netherlands
Carlo Schmid,,"Vice-president, Federal Parliament",,West Germany
Jacques Segard,,Industrialist,,France
René Sergent,,"Vice-president,Syndicat General de la Construction Electrique",,France
Jean-Charles Snoy et d'Oppuers,,"Managing Director,Compagnie dOutremer pour Industrie et la Finance",,Belgium
Paul-Henri Spaak,,Minister of Foreign Affairs,,Belgium
Charles Spofford,,Lawyer; Former U.S. Representative onNorth Atlantic Council,,United States
Christofore Stratos,,"Director, Cotton IndustriePiraiki-Patraiki",,Greece
Terkel Terkelsen,,Editor,,Denmark
Mark Turner,,"Managing Director,Kleinwort Benson Ltd",,United Kingdom
Pierre Uri,,"Consultant for the Conduct of Studies,Atlantic Institute",,France
Marcus Wallenberg Jr.,,"Chairman,Federation of Swedish Industries",,Sweden
Otto Wolff von Amerongen,,"Senior partner,Otto Wolff Koln",,West Germany
Montague Christopher Woodhouse,,Parliamentary Secretary to the Home Office,,United Kingdom
Dean Acheson,,Former Secretary of State,,United States
Gianni Agnelli,,"Vice-chairman of the Board and Managing Director,FIAT Co.",,Italy
Jacques Baumel,,"Senator, Secretary General,Union pour la Nouvelle République",,France
Alastair Buchan,,"Director,International Institute for Strategic Studies",,United Kingdom
McGeorge Bundy,,Special Assistant to the President for National Security Affairs,,United States
Louis Cabot,,"President,Cabot Corporation",,United States
Emilio Collado,,"Vice President,Standard Oil Co. New Jersey",,United States
Gaston Defferre,,Department of National Assembly; Mayor of Marseille,,France
James Duncan Jones,,Company Director,,Canada
Henry Scrymgeour-Wedderburn,,Minister of State for Foreign Affairs,,United Kingdom
Fritz Erler,,Member of Parliament; Floor LeaderSocial-Democratic Party,,West Germany
Gerald Ford,,Congressman,,United States
Peter Frelinghuysen,,Congressman,,United States
J. William Fulbright,,Senator,,United States
Pierre Gallois,,General; Specialist in Nuclear Problems,,France
Anthony Griffin,,Banker,,Canada
Per Hækkerup,,Minister of Foreign Affairs,,Denmark
Gabriel Hauge,,"President, ManufacturersHanover Trust Company",,United States
Arnold Heeney,,"Former Ambassador to the United States; Chairman, International Joint Commission on Water Resources",,Canada
Henry J. Heinz II,,"Chairman of the Board,Heinz Co.",,United States
Christian A. Herter Jr.,,Former Secretary of State; Special Representative for Trade Negotiations,,United States
Leif Høegh,,"Shipowner, founder ofLeif Höegh & Co",,Norway
Chet Holifield,,Congressman,,United States
Charles D. Jackson,,"Senior Vice President,Time, Inc.",,United States
Henry M. Jackson,,Senator,,United States
Jacob Javits,,Senator,,United States
George Jellicoe,,First Lord of the Admiralty,,United Kingdom
Kercho,,"Assistant,Ecole des Sciences Politiques et Sociales",,Belgium
Henry Kissinger,,"Associate Professor,Harvard UniversityCenter for International Affairs",,United States
Eelco van Kleffens,,Chief Representative in the United Kingdom of theEuropean Coal and Steel Community,,Netherlands
Harald Kundtzon,,"General Manager,Den Danske Landmandsbank",,Denmark
Max Kohnstamm,,"Vice president,Action Committee for a United States of Europe",,Netherlands
Henri J. de Koster,,"President,Federation of Netherlands Industries",,Netherlands
Franz Krapf,,"Chief of the Political Division, Ministry of Foreign Affairs",,West Germany
Knut von Kühlmann-Stumm,,Member of Parliament; Floor Leader of theFree Democratic Party,,West Germany
Christian de La Malène,,Member of Parliament; Member ofEuropean Parliament,,France
Ugo La Malfa,,Member of Parliament,,Italy
Halvard Lange,,Minister of Foreign Affairs,,Norway
Emiel van Lennep,,"Chairman, Monetary Committee,EEC; Chairman, Working Party 3,OECD",,Netherlands
Franklin A. Lindsay,,President ofItek,,United States
Jean de Lipkowski,,Diplomat; Member of Parliament; Member of European Parliament,,France
Lawrence Litchfield Jr.,,"Chairman of the Board,Aluminum Company of America(Alcoa)",,United States
Ettore Lolli,,"Deputy General Manager,Banca Nazionale del Lavoro",,Italy
Joseph Luns,,Minister of Foreign Affairs,,Netherlands
Ernst Majonica,,Member of Parliament,,West Germany
Franco Maria Malfatti,,Under Secretary Ministry of Industry and Commerce,,Italy
Sicco Mansholt,,"Vice President,EEC",,Netherlands
John J. McCloy,,Lawyer and Diplomat,,United States
George C. McGhee,,Ambassador to the Federal Republic of West Germany,,United States
Johannes Meynen,,"Managing Director, AKU",,Netherlands
Robert Daniel Murphy,,"President,Corning Glass International",,United States
Johan Nykopp,,Former Ambassador; President ofTampella,,Finland
Lester B. Pearson,,Prime Minister,,Canada
Aurelio Peccei,,"Managing Director, Italconsult",,Italy
Eric Roll,,Economic Minister at the British Embassy to the United States; Head of the UK Treasury and Supply Delegation,,United Kingdom
Giovanni Scaglia,,"Member of Parliament; Vice Chairman,Christian Democratic Party",,Italy
Carlo Schmid,,"Vice President, Federal Parliament",,West Germany
Pierre-Paul Schweitzer,,"Managing Director,International Monetary Fund",,France
Marshall D. Shulman,,"Research Associate, Russian Research Center,Harvard University; Professor of International, Politics,Fletcher School of Law and Diplomacy",,United States
Harold Page Smith,,Supreme Allied Commander ofNATO,,United States
Jean-Charles Snoy et d'Oppuers,,"Managing Director,Compagnie Internationale pour le Commerce et l'Industrie",,Belgium
Hans Speidel,,Special Adviser on Defense Matters,,West Germany
Michael Stewart,,Member of Parliament,,United Kingdom
Dirk Stikker,,Secretary General ofNATO,,Netherlands
Shepard Stone,,"Director, International Affairs Program,Ford Foundation",,United States
Terkel Terkelsen,,Chief Editor,,Denmark
Victor Umbricht,,"Former Head of Swiss Treasury and Diplomat; President,Ciba Specialty Chemicals, New York",,Switzerland
Paolo Vittorelli,,Senator,,Italy
Ludger Westrick,,"Secretary of State, Office Federal Chancellor",,West Germany
Robert Winters,,Industrialist,,Canada
Walter Wriston,,"Executive Vice-president,First National City Bank",,United States
Eric Wyndham White,,"Executive Secretary,GATT",,United Kingdom
Princess Beatrix of the Netherlands,,Dutch Crown Princess,,Netherlands
Andreas E. van Braam Houckgeest,,,,Netherlands
Vittorino Chiusano,,,,Italy
Carlisle H. Humelsine,,Former Assistant Secretary of State for Administration,,United States
Alfred Mozer,,,,Belgium
Bertie le Roy,,,,Netherlands
Hubert Ansiaux,,Belgium,,
Charles Arliotis,,Greece,,
Prodromos Bodosakis-Athanasiadis,,Greece,,
Rainer Barzel,,West Germany,,
Jacques Baumel,,France,,
Bjarni Benediktsson,,Iceland,,
Frederic Bennett,,United Kingdom,,
John Brademas,,United States,,
Kingman Brewster Jr.,,United States,,
Gerardo Broggini,,Switzerland,,
Manlio Brosio,,Italy,,
David K. E. Bruce,,United States,,
Eugenio Cefis,,Italy,,
Emilio Collado,,United States,,
Donald C. Cook,,United States,,
John James Deutsch,,Canada,,
Hedley Donovan,,United States,,
Nejat Eczacıbaşı,,Turkey,,
"Prince Philip, Duke of Edinburgh",,United Kingdom,,
Otmar Emminger,,West Germany,,
Reay Geddes,,United Kingdom,,
Anthony Griffin,,Canada,,
Henry J. Heinz II,,United States,,
Paul Huvelin,,France,,
Harald Knudtzo,,Denmark,,
Hans de Koster,,Netherlands,,
Ugo La Malfa,,Italy,,
Jean Lecanuet,,France,,
Emiel van Lennep,,Netherlands,,
John Lindsay,,United States,,
John H. Loudon,,Netherlands,,
Joseph Luns,,Netherlands,,
Robert Marjolin,,France,,
Reginald Maudling,,United Kingdom,,
Neil McKinnon,,Canada,,
Johan A. Melander,,Norway,,
Lord Mountbatten of Burma,,United Kingdom,,
Ivar Norgaard,,Denmark,,
Johan Nykopp,,Finland,,
Olof Palme,,Sweden,,
Mario Pedini,,Italy,,
James A. Perkins,,United States,,
Howard Petersen,,United States,,
Giuseppe Petrilli,,Italy,,
Panayotis Pipinelis,,Greece,,
Leopoldo Pirelli,,Italy,,
Hugo Portisch,,Austria,,
Eberhard Reinhardt,,Switzerland,,
James Reston,,United States,,
Henry Reuss,,United States,,
Robert V. Roosa,,United States,,
Mariano Rumor,,Italy,,
Ivo Samkalden,,Netherlands,,
Paul A. Samuelson,,United States,,
Maurice Sauve,,Canada,,
Karl Schiller,,West Germany,,
Adolph W. Schmidt,,United States,,
Pierre-Paul Schweitzer,,France,,
Baron Snoy et dOppuers,,Belgium,,
Shepard Stone,,United States,,
Dick Taverne,,United Kingdom,,
Paolo Vittorelli,,Italy,,
Siegmund Warburg,,United Kingdom,,
Princess Beatrix,,Netherlands,,
A. Egbert van Braam Houckgeest,,Netherlands,,
Marchese Jean Gaspare Cittadini Cesi,,Italy,,
Vittorino Chiusano,,Italy,,
Bertie le Roy,,Netherlands,,
Edwin Vernede,,Netherlands,,
Piero Bassetti,,Italy,,
David E. Bell,,United States,,
Kurt Birrenbach,,West Germany,,
Zbigniew Brzezinski,,United States,,
Alastair Buchan,,United Kingdom,,
Marcel Cadieux,,Canada,,
Andrew Cohen,,United Kingdom,,
Emilio G. Collado,,United States,,
Auguste Cool,,Belgium,,
Davidson Dunton,,Canada,,
Ludwig Erhard,,West Germany,,
Manuel R. Espirito Santo Silva,,Portugal,,
Marcel Faribault,,Canada,,
Max Frankel,,United States,,
Jacques Georges-Picot,,France,,
Roswell Gilpatric,,United States,,
Fred R. Harris,,United States,,
Chet Holifield,,United States,,
Thomas V. Jones,,United States,,
Cyril Kleinwort,,United Kingdom,,
Harald Knudtzon,,Denmark,,
Jens Otto Krag,,Denmark,,
Halvard Lange,,Norway,,
Franco Maria Malfatti,,Italy,,
Edward S. Mason,,United States,,
James McCormack,,United States,,
Hans Merkle,,West Germany,,
F. Bradford Morse,,United States,,
Con O'Neill,,United Kingdom,,
Rudolph A. Peterson,,United States,,
Walter Reuther,,United States,,
Eric Roll,,United Kingdom,,
Helmut Schmidt,,West Germany,,
Urs Schwarz,,Switzerland,,
Jean-Charles Snoy et d'Oppuers,,Belgium,,
Charles Spofford,,United States,,
Gerhard Stoltenberg,,West Germany,,
Gunnar Thoroddsen,,Iceland,,
Jan Tinbergen,,Netherlands,,
John W. Tuthill,,United States,,
Charles Wheeler,,United Kingdom,,
Robert Winters,,Canada,,
George David Woods,,United States,,
Eric Wyndham White,,United Kingdom,,
Jelle Zijlstra,,Netherlands,,
Michael von Waldthausen,,West Germany,,
David Barran,,United Kingdom,,
Kurt Becker,,West Germany,,
Fritz Beebe,,United States,,
Jean Casanova,,France,,
Harold van B. Cleveland,,United States,,
Harlan Cleveland,,United States,,
Guido Colonna di Paliano,,Italy,,
Piet Dankert,,Netherlands,,
John Diebold,,United States,,
James Eayrs,,Canada,,
Mario Ferrari Aggradi,,Italy,,
Arnold Alexander Hall,,United Kingdom,,
Henri Hartung,,France,,
Edward Heath,,United Kingdom,,
Stanley Hoffmann,,United States,,
Quintin Hogg,,United Kingdom,,
Yngve Holmberg,,Sweden,,
Donald Hornig,,United States,,
Henry M. Jackson,,United States,,
Carl Kaysen,,United States,,
Frank Kearton,,United Kingdom,,
Antonie Knoppers,,United States,,
Max Kohnstamm,,Netherlands,,
Joseph Kraf,,United States,,
Jaap Kymmell,,Netherlands,,
Théo Lefèvre,,Belgium,,
Jules Léger,,Canada,,
Charles McC. Mathias Jr.,,United States,,
Niels Matthiasen,,Denmark,,
John T. McNaughton,,United States,,
Bill Moyers,,United States,,
Preben Munthe,,Norway,,
Prince Claus of the Netherlands,,Netherlands,,
John Newhouse,,United States,,
Stavros Niarchos,,Greece,,
Alberto Franco Nogueire,,Portugal,,
Lauris Norstad,,United States,,
Aurelio Peccei,,Italy,,
James Alfred Perkins,,United States,,
John Pesmazoglou,,Greece,,
Piet Gerards,,United States,,
Emanuel R. Piore,,United States,,
Eugene V. Rostow.,,United States,,
Ambroise Roux,,France,,
Hartley Shawcross,,United Kingdom,,
Henri Simonet,,Belgium,,
Svend Sorensen,,Denmark,,
Otto Grieg Tidemand,,Norway,,
Ludovic Tron,,France,,
Berend J. Udink,,Netherlands,,
Paolo Battino Vittorelli,,Italy,,
Hermann Withalm,,Austria,,
Richard Munby,,United Kingdom,,
Carel J. van Schelle,,Netherlands,,
Jean Victor Allard,,Canada,,
Egon Bahr,,West Germany,,
Leonard Beaton,,Canada,,
Michel Bélanger,,Canada,,
Barend Biesheuvel,,Netherlands,,
Alan R. Booth,,International,,
Maurice Bridgeman,,United States,,
Alastair Francis Buchan,,United Kingdom,,
Paul Chambers,,United Kingdom,,
Frederick Deming,,United States,,
C. Douglas Dillon,,United States,,
William S. Dodge,,Canada,,
Henry Ford II,,United States,,
Jacques de Fouchier,,France,,
Thomas S. Gates Jr.,,United States,,
Henry Hauge,,United States,,
John Wendell Holmes,,Canada,,
Christian F. Karsten,,Netherlands,,
Ward Keener,,United States,,
Pieter Kuin,,Netherlands,,
Allen Lambert,,Canada,,
Paul Lendvai,,Austria,,
Richard Löwenthal,,West Germany,,
Björn Lundvall,,Sweden,,
Charles McC. Mathias,,United States,,
William McLean Hamilton,,Canada,,
Robert McNamara,,United States,,
Pierre Mendès France,,France,,
Karl Mommer,,West Germany,,
Alberto F. Nogueira,,Portugal,,
Roberto Olivetti,,Italy,,
Duncan Oppenheim,,United Kingdom,,
Jacques Parizeau,,Canada,,
Lester B. Pearson,,Canada,,
Enoch Powell,,United Kingdom,,
Louis Rasminsky,,Canada,,
Ron Ritchie,,Canada,,
Alberto Ronchey,,Italy,,
Edmond Adolphe de Rothschild,,France,,
Claude Ryan,,Canada,,
John T. Ryan,,United States,,
Herman Sandberg,,Netherlands,,
Andrew Shonfield,,United Kingdom,,
Jacques Solvay,,elgium,,
Svend O. Sorensen,,Denmark,,
Dieter Spethmann,,West Germany,,
Altiero Spinelli,,Italy,,
Ugo Stille,,Italy,,
Albert Thornbrough,,Canada,,
Pierre Trudeau,,Canada,,
İlter Türkmen,,Turkey,,
Victor Umbricht,,Switzerland,,
Vernon Raymond,,United States,,
Willem Visser 't Hooft,,Netherlands,,
Bernard Thillaye,,Canada,,
Michel Albert,,France,,
Rüdiger Altmann,,West Germany,,
Daniel Bell,,United States,,
Godfried van Benthem van den Bergh,,Netherlands,,
Walter Berchtold,,Switzerland,,
Claude Bissell,,Canada,,
Edward Brooke,,United States,,
Antonio Cariglia,,Italy,,
Fabio Luca Cavazza,,Italy,,
Karl Czernetz,,Austria,,
Ralf Dahrendorf,,West Germany,,
Prince Henrik of Denmark,,Denmark,,
François Duchêne,,United Kingdom,,
Kjell-Olof Feldt,,Sweden,,
François Fontaine,,France,,
Johannes Green,,Denmark,,
Denis Hamilton,,United Kingdom,,
Edward K. Hamilton,,United States,,
Poul Hartling,,Denmark,,
Jerome Heldring,,Netherlands,,
Daniel Janssen,,Belgium,,
Vernon E. Jordan Jr.,,United States,,
Jens Kampmann,,Denmark,,
Kenneth Keniston,,United States,,
Hans H. Koch,,Denmark,,
Peter F. Krogh,,United States,,
Halvard M. Lange,,Norway,,
Lars R. Langslet,,Norway,,
Jens Litten,,West Germany,,
Fred Luchsinger,,Switzerland,,
Mærsk Mc-Kinney Møller,,Denmark,,
Marshall McLuhan,,Canada,,
David A. Morse,,International,,
Piero Ottone,,Italy,,
Olivier Reverdin,,Switzerland,,
Elliot Richardson,,United States,,
Manfred E. Ritterbach,,West Germany,,
Frank Roberts,,United Kingdom,,
Kaare Sandegren,,Norway,,
Jorgen Schleimann,,Denmark,,
Norbert Schmelzer,,Netherlands,,
S. O. Sorensen,,Denmark,,
Andre de Staercke,,Belgium,,
Otto Tidemand,,Norway,,
Marc Ullmann,,France,,
Pierre Uri,,France,,
Gancia Vallarino Lorenzo,,Italy,,
Gerrit Wagner,,Netherlands,,
Michel Woitrin,,Belgium,,
Paul Ylvisaker,,United States,,
Henrik Jan van Asbeck,,Netherlands,,
Marchese Gian G. Cittadini Cesi,,Italy,,
Ole Marott,,Denmark,,
Bertie Royle,,Netherlands,,
Michel Alliot,,France,,
Graham Allison,,United States,,
Renato Altissimo,,Italy,,
Eric Ashby,,United Kingdom,,
Walter Bechtold,,Switzerland,,
Gilberto Bernardini,,Italy,,
Hubert Beuve-Méry,,France,,
Laurens Jan Brinkhorst,,Netherlands,,
L. E. Jan Brouwer,,Netherlands,,
W.L. Brugsma,,Netherlands,,
Daniel Cornu,,Switzerland,,
John Culver,,United States,,
Gaston Deurinck,,Belgium,,
Eric Drake,,United Kingdom,,
Ron Edwards,,United Kingdom,,
Dante Fascell,,United States,,
Edgar Faure,,France,,
Gérard Filion,,Canada,,
Franz Froschmaier,,International,,
Kurt Furgler,,Switzerland,,
Andreas Gerwig,,Switzerland,,
Olivier Giscard d'Estaing,,France,,
Andrew Goodpaster,,International,,
Roy Hattersley,,United Kingdom,,
Ivan Head,,Canada,,
Stuart Holland,,United Kingdom,,
Vernon Jordan,,United States,,
Karl Kaiser,,West Germany,,
Francis Keppel,,United States,,
Alexander King,,United Kingdom,,
Lars Langslet,,Norway,,
Douglas LePan,,Canada,,
Henri Lesguillons,,France,,
Arrigo Levi,,Italy,,
Pierre Liotard-Vogt,,Switzerland,,
Seymour Martin Lipset,,United States,,
Bernard Mach,,Switzerland,,
Charles Mathias,,United States,,
Martin Meyerson,,United States,,
Sven Moberg,,Sweden,,
Nils Ørvik,,Norway,,
Christopher Price,,United Kingdom,,
Joseph Rhodes Jr.,,United States,,
John Roberts,,Canada,,
John D.Rockefeller IV,,United States,,
Alfred Schaefer,,Switzerland,,
Max Schmidheiny,,Switzerland,,
Robert B. Silvers,,United States,,
Georges Streichenberg,,Switzerland,,
Hans Tschudi,,Switzerland,,
Cyrus Vance,,United States,,
Georges Vedel,,France,,
Klaus Waris,,Finland,,
Richard von Weizsäcker,,West Germany,,
Paul Reutlinger,,Switzerland,,
Robert Orville Anderson,,United States,,
Andre Aumonier,,France,,
Karl Bendetsen,,United States,,
Ingemund Bengtsson,,Sweden,,
Selahattin Beyazıt,,Turkey,,
Robert Bourassa,,Canada,,
Karl Carstens,,West Germany,,
Raymond H. A. Carter,,France,,
Karl Casserini,,Switzerland,,
Frederick Catherwood,,United Kingdom,,
John Cockcroft,,United Kingdom,,
John J. Carson,,United States,,
John Thomas Dunlop,,United States,,
Donald Duster,,United States,,
Osborn Elliott,,United States,,
Ralph Enckell,,Finland,,
Donald M. Fraser,,United States,,
Peter Frelinghuysen Jr.,,United States,,
Emanuele Gazzo,,Italy,,
Giuseppe Glisenti,,Italy,,
Ronald Grierson,,United Kingdom,,
Thomas L. Hughes,,United States,,
Peter Idenburg,,Netherlands,,
Adolf Jann,,Switzerland,,
Jacob Albert Carl Gustaf von Julin,,Finland,,
Gualtherus Kraijenhoff,,Netherlands,,
Leo Lambert,,Belgium,,
Paul Leman,,Canada,,
Donald Stovel Macdonald,,Canada,,
Gordon J. F. MacDonald,,United States,,
Ian MacGregor,,United States,,
Gilles Martinet,,France,,
Gian Migone,,Italy,,
Robert Pease,,United States,,
Gianfranco Piazzesi,,Italy,,
Henry S. Reuss,,United States,,
Donald Riegle,,United States,,
John D. Rockefeller IV,,United States,,
Abraham Rotstein,,Canada,,
Gerhard Schröder,,West Germany,,
Joseph E. Slater,,United States,,
Andre Spoor,,Netherlands,,
Howard Stein,,United States,,
Adlai Stevenson III,,United States,,
George Thomson,,United Kingdom,,
August A. J. Vanistendael,,Belgium,,
John W. Vogt Jr.,,United States,,
Hans-Jürgen Wischnewski,,West Germany,,
Roger Stone,,United States,,
Hans Arnold,,Germany,,
C. Fred Bergsten,,United States,,
Muharrem Nuri Birgii,,Turkey,,
Kurt Birrenbach,,Germany,,
W. Michael Blumenthal,,United States,,
Andrew Brimmer,,United States,,
Neil Brown,,Australia,,
John C. Browne,,United Kingdom,,
Miriam Camp,,United States,,
Cittadini Cesi,,Italy,,
Umberto Colombo,,Italy,,
Peter Corterier,,Germany,,
Ralf Dahrendorf,,United Kingdom,,
Michel David-Weill,,France,,
Étienne Davignon,,Belgium,,
Jean-François Deniau,,France,,
Marion Dönhoff,,Germany,,
Roberto Ducci,,Italy,,
Anton F. J. Dijkgraaf,,Netherlands,,
Manuel Espirito Santo Silva,,Portugal,,
Thomas Fleener,,Switzerland,,
Françoise Giroud,,France,,
Geir Hallgrímsson,,Iceland,,
Maria J. 't Hooft,,Netherlands,,
Amory Houghton,,United States,,
Paul E. Janssen,,Belgium,,
Paul Jolles,,Switzerland,,
Henri J. de Koster,,Netherlands,,
Léon Lambert,,Belgium,,
Harold Lever,,United Kingdom,,
John Hugo Loudon,,Netherlands,,
Roy MacLaren,,Canada,,
Bayless Manning,,United States,,
Johannes Meynen,,Netherlands,,
Beatrix of the Netherlands,,Netherlands,,
Alberto Franco Nogueira,,Portugal,,
Simon Nora,,France,,
Niels Norlund,,Denmark,,
Schelto Patijn,,Netherlands,,
Benjamin F. Payton,,United States,,
André Raynauld,,Canada,,
William Rees-Mogg,,United Kingdom,,
Jean Riboud,,France,,
Yves Sabouret,,France,,
Robert A. Scalapino,,United States,,
Robert Schaetzel,,United States,,
Gerhard Schröder,,Germany,,
Helge Seip,,Norway,,
Jacques Solvay,,Belgium,,
Shirley Summerskill,,United Kingdom,,
Michel Tatu,,France,,
Arthur R. Taylor,,United States,,
Robert Vandeputte,,Belgium,,
Jack H. Warren,,Canada,,
Alan Westerman,,Australia,,
Otto Wolff von Amerongen,,Germany,,
Elmo Zumwalt,,United States,,
L.Hulhoven,,Belgium,,
E. Verned,,Netherlands,,
Jan Tonny Warmenhoven,,Netherlands,,
"Eugene M. Getchell, Jr.",,United States,,
Ernst van der Beugel,,Netherlands,,
Erling Bjol,,Denmark,,
Anders Björgerd,,Sweden,,
Marcel Boiteux,,France,,
Birgit Breuel,,Germany,,
William Bundy,,United States,,
Raffaele Girotti,,Italy,,
Rene Granier de Lilliac,,France,,
Denis Greenhill,,United Kingdom,,
Niels Haagerup,,Denmark,,
Henry J. Heinz,,United States,,
Jozef Houthuys,,Belgium,,
Otto Kersten,,Germany,,
Lewis H. Lapham,,United States,,
Sakari T. Lehto,,Finland,,
Walter J. Levy,,United States,,
Finn Lied,,Norway,,
Siro Lombardini,,Italy,,
Peter Lougheed,,Canada,,
Cesare Merlini,,Italy,,
Erich Mettler,,Switzerland,,
David Owen,,United Kingdom,,
Frits Philips,,Netherlands,,
Edgar Ritchie,,Canada,,
Samuel Rozemond,,Netherlands,,
Helmut Schmidt,,Germany,,
Roger Seydoux de Clausonne,,France,,
John M. Simon,,United Kingdom,,
Gerard C. Smith,,United States,,
Theo Sommer,,Germany,,
Fernand Spaak,,Belgium,,
Paul Stehlin,,France,,
Thorvald Stoltenberg,,Norway,,
Gunnar Sträng,,Sweden,,
Richard Taverner,,United Kingdom,,
Berend Udink,,Netherlands,,
Krister Wickman,,Sweden,,
Carroll L. Wilson,,United States,,
Hans-Jürgen Wischnewski,,Germany,,
Nils Svensson,,Sweden,,
Hugo Lindgren,,Sweden,,
Charles W. Getchell Jr.,,United States,,
John Black Aird,,Canada,,
Hervé Alphand,,France,,
K. B. Andersen,,Denmark,,
Hannes Androsch,,Austria,,
Enzo Bettiza,,Italy,,
James Chace,,United States,,
Albin Chalandon,,France,,
Mariano Cittadini,,Italy,,
Ralf Dahrendorf,,International,,
Michel Dupuy,,Canada,,
Lucie Faure,,France,,
André Fontaine,,France,,
Frank Giles,,United Kingdom,,
Andrew Goodpaster,,United States,,
Henry A. Grunwald,,United States,,
Guillaume Guindey,,France,,
Maurice Herzog,,France,,
Hans Igler,,Austria,,
Aubrey Jones,,United Kingdom,,
Poul Louis Justman Jacob,,Netherlands,,
Karl Kaiser,,Germany,,
Walther Leisler Kiep,,Germany,,
Giorgio La Malfa,,Italy,,
Rene Larre,,France,,
Louis Leprince-Ringuet,,France,,
Robert Winston,,United states,,
Joseph Luns,,International,,
Walter Mondale,,United States,,
Claude Monnier,,Switzerland,,
Ole Myrvoll,,Norway,,
John S. Pesmazoglu,,Greece,,
Geoffrey Rippon,,United Kingdom,,
Bill Rodgers,,United Kingdom,,
Nelson Rockefeller,,United States,,
Reino Rossi,,Finland,,
Jeanne Sauvé,,Canada,,
Helmut Sonnenfeldt,,United States,,
Gerald L. Thompson,,United Kingdom,,
"Charles W. Getchell, Jr",,United States,,
Robert Pitti-Ferrandi,,France,,
Eduard Vernede,,Netherlands,,
Semih Akbil,,Turkey,,
Jacques Attali,,France,,
Kurt Becker,,Germany,,
William F. Buckley Jr.,,United States,,
İhsan Sabri Çağlayangil,,Turkey,,
Diomede Catroux,,France,,
Richard Cooper,,United States,,
Alfons Dalma,,Austria,,
John M. Deutch,,Canada,,
İhsan Doğramacı,,Turkey,,
Klaus von Dohnanyi,,Germany,,
Bülent Ecevit,,Turkey,,
Turhan Feyzioğlu,,Turkey,,
Garret FitzGerald,,Ireland,,
"Forte, Francesco",,Italy,,
Curt Gasteyger,,Switzerland,,
Herbert Giersch,,Germany,,
Oğuz Gökmen,,Turkey,,
Duncan L. Gordon,,Canada,,
Johan M. Goudszwaard,,Netherlands,,
Erich Gysling,,Switzerland,,
Victor Halberstadt,,Netherlands,,
Arnold Hall,,United Kingdom,,
Arthur A. Hartman,,United States,,
Theodore Hesburgh,,United States,,
Odd Højdahl,,Norway,,
John Horam,,United Kingdom,,
Robert W. Hubner,,United States,,
Kâmran İnan,,Turkey,,
Hasan E. Işık,,Turkey,,
Max Jakobson,,Finland,,
Gülten Kazgan,,Turkey,,
Andrew Knight,,United Kingdom,,
Karl Lorck,,Norway,,
William A. Macdonald,,United States,,
Paul McCracken,,United States,,
Thierry de Montbrial,,France,,
Joseph Morris,,Canada,,
"James A. Perkins, J",,United States,,
Joel Pritchard,,United States,,
Gordon Richardson,,United Kingdom,,
Robert Roosa,,United States,,
Donald Rumsfeld,,United States,,
Lionel Stoléru,,France,,
C. L. Sulzberger,,United States,,
Margaret Thatcher,,United Kingdom,,
J. V. Thygesen,,Denmark,,
Halil Tunç,,Turkey,,
Dagfinn Vårvik,,Norway,,
Franz Vranitzky,,Austria,,
Sigmund Widmer,,Switzerland,,
Memduh Yaşa,,Turkey,,
Selçuk Yaşar,,Turkey,,
David L. Aaron,,United States,,
Tina Anselmi,,Italy,,
Jack F. Bennett,,United States,,
Georges Berthoin,,France,,
Trygve Bratteli,,Norway,,
Cesi Cittadini,,Italy,,
Richard N. Cooper,,United States,,
Jean-Pierre Cot,,France,,
Étienne Davignon,,France,,
Klaus von Dohnanyi,,West Germany,,
Wim Duisenberg,,The Netherlands,,
Rodney Elton,,United Kingdom,,
Murray Finley,,United States,,
Paul B. Finney,,United States,,
Charles Forte,,United Kingdom,,
Manuel Fraga,,Spain,,
Marcella Glisenti,,Italy,,
Olivier Guichard,,France,,
Wolfgang Hager,,West Germany,,
Victor Halberstadt,,The Netherlands,,
Geir Hallgrimsson,,Iceland,,
Henry J. II Heinz,,United States,,
R.Henderson,,United Kingdom,,
Joseph E. Johnson,,United States,,
Keith Joseph,,United Kingdom,,
Walther Leisler Kiep,,West Germany,,
Joseph L. Kirkland,,United States,,
Arthur Knight,,United Kingdom,,
Max Kohnstamm,,International,,
Marc Lalonde,,Canada,,
Willy Linder,,Switzerland,,
Peter Macadam,,United Kingdom,,
Robert M. MacIntosh,,Canada,,
Bruce MacLaury,,United States,,
Alonzo L. McDonald,,United States,,
Jose de Medeiros Ferreira,,Portugal,,
J. Irwin Miller,,United States,,
Sivert Nielsen,,Norway,,
John Nott,,United Kingdom,,
Arend Oetker,,West Germany,,
David Orr,,United Kingdom,,
François-Xavier Ortoli,,France,,
Raymond Pennoc,,United Kingdom,,
G. A. Regan,,Canada,,
Pierre Salmon,,France,,
Carlo Sartori,,Italy,,
Edward Shackleton,,United Kingdom,,
Feyo O. J. Sickinghe,,The Netherlands,,
Theo Sommer,,West Germany,,
Constantin Stavropoulos,,Greece,,
David Steel,,United Kingdom,,
Arthur Taylor von Mehren,,United States,,
Lester Thurow,,United States,,
Heinrich Treichl,,Austria,,
Siegmund George Warburg,,United Kingdom,,
Graham Wickman,,United Kingdom,,
Charles Getchell Jr.,,United States,,
Beniamino Andreatta,,Italy,,
Joachim Angermeyer,,West Germany,,
Robert Bartley,,United States,,
Andre Batenburg,,The Netherlands,,
George B. Bell,,Canada,,
Jack Bennett,,United States,,
Christoph Bertram,,United Kingdom,,
Tor Brekke,,Norway,,
Andreas von Bülow,,West Germany,,
Peter Carington,,United Kingdom,,
Frank T. Cary,,United States,,
Robert-Charles Close,,Belgium,,
Barber Conable,,United States,,
Vítor Constâncio,,Portugal,,
George Contogeorgis,,Greece,,
Ralph Davidson,,United States,,
Edmund Dell,,United Kingdom,,
William Diebold,,United States,,
Wim van Eekelen,,The Netherlands,,
Bernard Esambert,,France,,
Thorbjörn Fälldin,,Sweden,,
George Brown,,United Kingdom,,
Meg Greenfield,,United States,,
Patrick Haggerty,,United States,,
Alexander Haig,,United States,,
Rolf Hansen,,Norway,,
John Harvey-Jones,,United Kingdom,,
John H. Heinz III,,United States,,
Alfred Herrhausen,,West Germany,,
Jef Houthuys,,Belgium,,
Phillip A. Karber,,United States,,
Otto Kersten,,West Germany,,
Adolf Nussbaumer,,Austria,,
Sylvia Ostry,,Canada,,
Peter G. Peterson,,United States,,
Francois de Rose,,France,,
Juan Jose Rovira,,Spain,,
Paolo Savona,,Italy,,
Stefano Silvestri,,Italy,,
Anthony M. Solomon,,United States,,
George Stinson,,United States,,
Michel Tatu,,United States,,
Gaston Thorn,,Luxembourg,,
Mika Tiivola,,Finland,,
Clifton R. Wharton Jr.,,United States,,
Marina von Neumann Whitman,,United States,,
George Will,,United States,,
ynne Williams,,United States,,
Andreas F. Zaimis,,Greece,,
John Zysman,,United States,,
Herbert Cordt,,Austria,,
Charles Getchell,,United States,,
Thomas Heine-Geldern,,Austria,,
Charles W. Muller,,United States,,
Grant Winthrop,,United States,,
Herlbert Apfalter,,Austria,,
Nicholas Eden,,United Kingdom,,
Vittorio Barattier,,Italy,,
Christoph Bertram,,West Germany,,
Christian Beullac,,France,,
Birgit Breuel,,West Germany,,
Tassilo Broesigke,,Austria,,
Lewis Dean Brown,,United States,,
Kostas Karras,,Greece,,
John Chafee,,United States,,
Henning Christophersen,,Denmark,,
Alfred Dallinger,,Austria,,
Wim Duisenberg,,Netherlands,,
Theodore L. Eliot Jr.,,United States,,
Paul Finnegan,,United States,,
Heinz Fischer,,Austria,,
William Foltz,,United States,,
Wayne J. Fredericks,,United States,,
Fritz Gerber,,Switzerland,,
Knut Getz Wold,,Norway,,
Helmut Haussmann,,West Germany,,
Daniel E. Janssen,,Belgium,,
Christian Kind,,Switzerland,,
Bruno Kreisky,,Austria,,
Erwin Lanc,,Austria,,
Franz J. Leibenfrost,,Austria,,
Bernard Lewis,,United Kingdom,,
Flora Lewis,,United States,,
Maurice Macmillan,,United Kingdom,,
David E. McGiffert,,United States,,
Jérôme Monod,,France,,
Roelof Nelissen,,Netherlands,,
Edward Neufeld,,Canada,,
David D. Newsom,,United States,,
Willibald Pahr,,Austria,,
Thomas Prinzhorn,,Austria,,
Jacques Rastoul,,Canada,,
Detlev Karsten Rohwedder,,West Germany,,
Joaquin Romero-Maura,,Spain,,
Roger Savory,,Canada,,
Ernest A. Seillière,,France,,
Jack Sheinkman,,United States,,
Reiulf Steen,,Norway,,
Ludwig Steiner,,Austria,,
Josef Taus,,Austria,,
Nicola Tufarelli,,Italy,,
Ola Ullsten,,Sweden,,
Franklin H. Williams,,United States,,
Joseph H. Williams,,United States,,
Lars Wohlin,,Sweden,,
Jacques van Ypersele de Strihou,,Belgium,,
Oswald Aeppli,,Switzerland,,
John Baring,,United Kingdom,,
Reginald Bartholomew,,United States,,
Luigi Barzini,,Italy,,
Giorgio Benvenuto,,Italy,,
Christoph Bertram,,Federal Republic of Germany,,
Birgit Breuel,,Federal Republic of Germany,,
Guido Brunner,,Federal Republic of Germany,,
Ignacio Camuñas,,Spain,,
Olivier Chevrillon,,France,,
Peter Corterier,,Federal Republic of Germany,,
Thomas R. Donahue.,,United States,,
William B. Duncan,,United Kingdom,,
Luigi Ferro,,Italy,,
Paul Finney,,United States,,
Jean-Claude Gisling,,Switzerland,,
Alfred Grosser,,France,,
Herbert Grunewald,,Federal Republic of Germany,,
Helmut Haussmann,,Federal Republic of Germany,,
Alfred Herrhausen,,Federal Republic of Germany,,
H.F. van den Hoven,,Netherlands,,
Gunter Huonker,,Federal Republic of Germany,,
Douglas Hurd,,United Kingdom,,
Karlheinz Kaske,,Federal Republic of Germany,,
Helmut Kohl,,Federal Republic of Germany,,
Walther Leisler Kiep,,Federal Republic of Germany,,
Joseph Kraft,,United States,,
Léon Lambertn,,Belgium,,
Otto Lambsdorff,,Federal Republic of Germany,,
Albert Legault,,Canada,,
Walter Levy,,United States,,
Franz Lutolf,,Switzerland,,
H. Ian Macdonald,,Canada,,
Judith Maxwell,,United Kingdom,,
José Medeiros Ferreira,,Portugal,,
Jean-Paul Parayre,,France,,
Gerhard Prinz,,Federal Republic of Germany,,
Romano Prodi,,Italy,,
Gerhard Schmidt,,Federal Republic of Germany,,
Helmut Schmidt,,Federal Republic of Germany,,
Karel Schwarzenberg,,Austria,,
Antoine Seilliere,,France,,
Theo Sommer,,Federal Republic of Germany,,
Dieter Spethmann,,Federal Republic of Germany,,
Barbara Spinelli,,Italy,,
Max van der Stoel,,Netherlands,,
Franklin Thomas,,United States,,
Leo Tindemans,,Belgium,,
Gregory F. Treverton,,United States,,
Harry Tuzo,,United Kingdom,,
Helen Vlachos,,Greece,,
Rüdiger von Wechmar,,Federal Republic of Germany,,
Niels Werring,,Norway,,
Otto Wolff von Amerongen,,Federal Republic of Germany,,
Hans-Jorg Budishin,,Federal Republic of Germany,,
N. Dreihann-Holenia,,Austria,,
Anne Hoogendoorn,,Netherlands,,
Tage Andersen,,Denmark,,
Francisco Pinto Balsemão,,Portugal,,
Conrad Black,,Canada,,
Murray H. Finley,,United States,,
Gordon N. Fisher,,Canada,,
Colette Flesch,,Luxembourg,,
Robert Ford,,Canada,,
Knut Frydenlund,,Norway,,
Arthur Furer,,Switzerland,,
Sten Gustafsson,,Sweden,,
Geir Hallgrímsson,,Ireland,,
Tankmar Horn,,Finland,,
Josef Houthuys,,Belgium,,
Per Hysing-Dahl,,Norway,,
Emmanuel Iselin,,Switzerland,,
Claude Julien,,France,,
Jeane Kirkpatrick,,United States,,
Panagiotis Lambrias,,Geece,,
Wolfgang Leonhard,,Federal Republic of Germany,,
Jacques Levesque,,Canada,,
Klaus Liesen,,Federal Republic of Germany,,
David J. Mahoney,,United States,,
Charles Mathias.,,United States,,
Charles Peter McColough,,United States,,
Alois Mertes,,Federal Republic of Germany,,
John L. Mills,,United Kingdom,,
Tor Moursund,,Norway,,
Paul H. Müller,,Switzerland,,
P. F. Niquille,,Switzerland,,
Heinrich Oswald,,Switzerland,,
Richard Pipes,,United States,,
Bernard W. Rogers,,United States,,
Hans Seidel,,Austria,,
Nicholas Soames,,United Kingdom,,
Herbert Stein,,United States,,
Gaston Thorn,,Luxemboug,,
Malcolm Toon,,United States,,
Hans Vatne,,Norway,,
Jean-Francois Verdonnet,,Switzerland,,
Rüdiger von Wechmar,,International,,
Daniel Yankelovich,,United States,,
Andreas Z'Graggen,,Switzerland,,
Jose Luis Gomes,,Portugal,,
Hanno Hartmann,,Federal Republic of Germany,,
Malcolm J. McKechnie,,Canada,,
Charles Muller,,United States,,
Etienne Reuter,,Luxembourg,,
Raymond Roe,,United States,,
F. Stoecker,,Federal Republic of Germany,,
Dwayne O. Andreas,,United States,,"Chairman and Chief Executive Officer,Archer Daniels Midland"
Egon Bahr,,Federal Republic of Germany,,Member of Parliament;
George W. Ball,,United States,,"Senior managing director,Lehman Brothers Kuhn Loeb"
Maria Becket,,Greece,,Former Advisor to Ministers of Coordination and Foreign Affairs
Christoph Bertram,,Federa Republic of Germany,,"Director, TheGerman Institute for International and Security Affairs"
Björn Bjarnason,,Iceland,,"Political Journalist,Morgunblaðið"
Gro Harlem Brundtland,,Norway,,"Member of Parliament, Former Prime Minister of Norway"
Erhard Busek,,Austria,,Deputy Mayor of Vienna; Former Secretary GeneralAustrian People's Party
Jaime Carvajal Urquijo,,Spain,,"Chairman and Chief Executive Officer,Banco Urquijo"
Fredrik Castren,,Finland,,"President and Chief Executive Officer,Kymi Kymmene Oy"
Jean Chrétien,,Canada,,Minister of Justice and Attorney of Canada
Hisse Dekker,,Netherlands,,"President,Philips Gloeilampenfab"
Paul Desmarais,,Canada,,"Chairman and Chief Executive Officer,Power Corporation of Canada"
William Dimma,,Canada,,"President, A.E.LePageLtd. and Board Chairman,Polymer Corporation"
Hermann Eilts,,United States,,"University Professor of International Relations, Research Professor of History and Political Science,Boston University"
Jean François-Poncet,,France,,Former Minister of Foreign of France
Evan G. Galbraith,,United States,,U.S. Ambassador to France
Fritz Halmce,,Switzerland,,"Chairman of the Board of Directors,SIG Swiss Industrial Company; Chairman,Swiss Employers Union"
Robert A. Hanson,,United States,,"President and Chief Operating Officer,John Deere"
Erik Hoffmeyer,,Denmark,,"Chairman of the Board of Governors,Danmarks Nationalbank"
Karen E. House,,United States,,"Washington Correspondent,The Wall Street Journal"
Robin Ibbs,,United Kingdom,,"Executive Director,Imperial Chemical Industries; Former Head,Central Policy Review Staff, Cabinet Office"
Hal Jackman,,Canada,,"Chairman of the Board,Empire Life Insurance Company of America Building"
Elie Kedourie,,United Kingdom,,"Professor of Politics,University of London"
Philippe Lagayette,,France,,"Directeur de Cabinet, Ministry of Economic Affairs and Finance; Author Working Paper Session IV"
Baron Lambert,,Belgium,,"Chairman,Groupe Bruxelles Lambert S.A."
Otto Graf Lambsdorff,,Federal Republic of Germany,,Minister of Economics
Jacques de Larosière,,France,,"Managing Director, France"
Nigel Lawson,,United Kingdom,,"Member of Parliament, Secretary of State for Energy"
George P. Livanos,,Greece,,"Membaer of the Board,Union of Greek Shipowners"
Winston Lord,,United States,,"President,Council on Foreign Relations"
Bruce K. MacLaury,,United States,,"President,Brookings Institution"
Jacques Maisonrouge,,France,,"Chairman of the Board,IBMandWorld Trade Corporation"
Rogerio Martins,,Portugal,,"Chairman, Simapre Investment Company; Former Secretary of State of Industry"
Hans van Mierlo,,Netherlands,,Minister of Defense
Einar Nagell-Erichsen,,Norway,,"Managing Director,Aftenposten/Schibstedgruppen"
James R. Nininger,,Canada,,"President,Conference Board of Canada"
Piero Ostellino,,Italy,,"Columnist,Corriere dell Sera"
Haluk Özgül,,Turkey,,Ambassador of Turkey in Norway
"Robert L. Pfaltzgraff, Jr.",,United States,,"Professor,Fletcher School of Law and Diplomacy; Author Working Paper Session   II"
Karl Otto Pohl,,Federal Republic of Germany,,"President,Deutsche Bundesbank"
James Roche,,United States,,"Senior Deputy Director, Policy Planning Staff, Department of State"
Virginio Rognoni,,Italy,,Minister of Internal Affairs
Lord Roll of Ipsden,,United Kingdom,,"Chairman,S. G. Warburg & Co. Ltd."
Sir John Sainsbury,,United Kingdom,,"Chairman,J. Sainsbury PLC"
E. Antoine Seilliere,,France,,"Director General,Compagnie Internationale pour le Commerce et l'Industrie"
William E. Simon,,United States,,"Chairman, Crescent Diversified Ltd.; Former Secretary of the Treasury; Author Working Paper Session IV"
Henri F. Simonet,,Belgium,,Member of Parliament; Author Working Paper Session I
Anders C. Sjaastad,,Norway,,Minister of Defense
Hermod Skånland,,Norway,,Deputy Governor of theBank of Norway
Lord Soames,,United Kingdom,,
Andre S. Spoor,,Netherlands,,"Editor-in-Chief,NRC Handelsblad"
Robert S. Strauss,,United States,,"Partner,Akin, Gump, Strauss, Hauer & Feld(Attorneys-at-Law); Former U.S. Special Trade Representative for Trade Negotiations"
Svenn Stray,,Norway,,Minister of Foreign Affairs
Bjorn Svedberg,,Sweden,,"President,Telefonaktiebolaget LM Ericsson"
Metin Toker,,Turkey,,"Columnist,Milliyet"
Victor H. Umbricht,,Switzerland,,"Mediator,East African Community; Member of the Board ofCiba-GeigyLtd."
Alexandre de Azeredo Vaz Pinto,,Portugal,,"President, The Institute of Foreign Investment; Former Minister of Commerce"
Paul A. Volcker,,United States,,"Chairman, Board of Governors,Federal Reserve System"
Ben J. Wattenberg,,United States,,"Senior Fellow,American Enterprise Institute; Author Working Paper Session I"
"Niels Werring, Jr.",,Norway,,"Senior Partner,Wilh. Wilhelmsen"
Kåre Willoch,,Norway,,Prime Minister of Norway
Manfred Wörner,,Federal Republic of Germany,,"Member of Parliament,CDU/CSU; Author Working Paper Session I"
Carlos Aritario,,Italy,,Personal Advsor to MinisterRognoni
Jacques Demers,,Canada,,"Special Advisor, Officer of the Minister of Justice and Attorney General of Canada"
R.K. Lochner,,Federal Republic of Germany,,Accompanying Mr.Helmut Kohlas Interermany
Guido Peruzzo,,Federal Republic of Germany,,Assistant to the Minister of Economics
Gianni Ravasio,,Italy,,Assistant to Mr. Gaston
Rudiger von Rosen,,Federal Republic of Germany,,"Head, President's Office,Deutsche Bundesbank"
Folkmar Stoecker,,Federal Republic of Germany,,Assistant to Mr.Walter Scheel
Horst Teltschik,,Federal Republic of Germany,,"Head, Office of Mr.Helmut Kohl"
Umberto Agnelli,,Italy,,"Chairman,FIAT AutoS.p.A.; Vice-Chairman and Managing Director,Istituto Finanziaro Industriale(IFI)"
Hans H. Angermueller,,United States,,"Vice Chairman,Citibank, N.A."
Raymond Barre,,France,,Former Prime Minister; Member of the National Assembly
Seweryn Bialer,,United States,,"Director, Research Institute on International Change,Columbia University"
Lise Bissonette,,Canada,,"Editor-in-Chief,Le Devoir"
Bjorn Bjarnason,,Iceland,,"Political Journalist,Morgunbladid"
Halvdan Bjorum,,Norway,,"Chairman of the Board,A/S Elektrisk Bureau"
Peter Carrington,,United Kingdom,,"Former Foreign Minister; LeaderConservative Party,House of Lords"
Jaime Carvajal y Urquijo,,Spain,,"Chairman of the Board of Directors,Banco Urquijo"
Juan Luis Cebrián,,Spain,,"Editor-in-Chif,El Pais"
Alden W. Clausen,,United States,,"President,The World Bank"
Kenneth W. Dam,,United States,,Deputy Secretary of State
James Dobbins,,United States,,Deputy Assistant Secretary of State
Thomas R. Donahue,,United States,,"Secretary-Treasurer,AFL-CIO"
Elizabeth Drew,,United States,,Journalist
Anders Ferm,,Sweden,,"Ambassador, Permanent Mission of Sweden to the United Nations"
Bernardino Gomes,,Portugal,,"Vice Chairman, Foundation for International Relations"
Alain Gomez,,France,,"Chairman and Chief Executive Officer,Thomson Group"
Hans Heckmann,,Switzerland,,"General Manager,Union Bank of Switzerland"
Jack Heinz,,United States,,"Chairman,H.J. Heinz Company; President, American Friends of Bilderberg, Inc."
Robert Hormats,,United States,,"Vice President,Goldman Sachs & Company"
Peter Jankowitsch,,Austria,,Deputy Secretary General for Foreign Affairs
David T. Kearns,,United States,,"Chairman,Xerox Corporation"
Otto Graf Lambsdorff,,West Germany,,Minister of Economic Affairs
Alexandre Lamfalussy,,Belgium,,"Assistant General Manager,Bank for International Settlements"
Gilles Lamontagne,,Canada,,Minister of Defense
Emile van Lennep,,Netherlands,,"Secretary-General,OECD"
André Leysen,,Belgium,,"Chairman of the Board,AGFA-GEVAERTGroup"
Ruud Lubbers,,Netherlands,,Prime Minister
Allan MacEachen,,Canada,,Deputy Prime Minister and Secretary of State for External Affaris
David Mahoney,,United States,,"Chairman of the Board,Norton SimonInc."
Leighton W. McCarthy,,Canada,,"President, McCarthy Securities Ltd."
R. Daniel McMichael,,United States,,"Administrative Agent, Scaife Family Charitable Trusts"
Alois Mertes,,West Germany,,"Minister of State, Ministry of Foreign Affairs"
Mario Monti,,Italy,,"Professor of Monetary Theory and Policy,Bocconi University, Milan; President, SUERF"
William D. Mulholland,,Canada,,"Chairman and Chief Executive Officer,Bank of Montreal"
Clas-Erik Odhner,,Sweden,,Economist at theSwedish Trade Union Confederation
Coen J. Oort,,Netherlands,,"Member of the Board, Algemene Bank Nederland N.V."
Anthony O'Reilly,,Ireland,,"President and Chief Executive Officer,H.J. Heinz Company"
John D. Paleocrassas,,Greece,,Member of Parliament; Former Minister of Coordination; Secretary-General ofNew Democracy Party
Richard Perle,,United States,,Assistant Secretary of Defense for International Security Policy
Alfred Powis,,Canada,,"Chairman and Chief Executive Officer,Noranda MinesLtd."
Raymond Probst,,Switzerland,,"Secretary of State, Federal Department of Foreign Affairs"
John P. Roche,,United States,,"Professor,Fletcher School of Law and Diplomacy,Tufts University"
Evelyn de Rothschild,,United Kingdom,,"Chairman,N.M. Rothschild & SonsLtd."
Volker Rühe,,West Germany,,"Deputy Leader, Parliamentary PartyCDU/CSU; Spokesman on Foreign and Security Policy"
John Sainsbury,,United Kingdom,,"Chairman,J. SainsburyPLC"
Willem E. Scherpenhuijsen,,Netherlands,,"Rom Chairman of the Board of Managing Directors,Nederlandsche MiddenstandsbankN.V."
C.G.E. Theriault,,Canada,,Vice-Chief of the Defense Staff
Paul Volcker,,United States,,"Chairman, Board of Governors, TheFederal Reserve System"
Hans Werthen,,Sweden,,"Chairman, Ericsson andElectrolux Group"
Juan A. Yanez-Barnuevo,,Spain,,"Director, Department of International Affairs at the Office of the Prime Minister"
Paolo Zannoni,,Italy,,"Director, Department Political Analysis,FIATS.p.A."
Tom Axworthy,,Canada,,Principal Secretary to the Prime Minister
Joseph Caron,,Canada,,Secretariat of Privy Council Office (Foreign and Defense Policy)
Hennecke Graf von Bassowitz,,West Germany,,Assistant to Mr. Scheel
Hans-Henning Blomeyer,,West Germany,,"Head, Office of Mr. Mertes"
Ulf Boge,,West Germany,,"Head, Office of Mr. Scheel"
Michael Dallas,,United States,,"Head, Office of General Rogers"
Robert Fowler,,Canada,,Assistant Secretary to the Cabinet (Foreign and Defense Policy)
Jose P. Luiz Gomes,,Portugal,,Diplomatic Advisor to Prime Minister ad interim Balsemao
Kai Hammerich,,Sweden,,"Senior Vice President,SAAB SCANIAAB"
Thomas Hertz,,West Germany,,"Head, Office of Graf Lambsdorff"
Baki İlkin,,Turkey,,Personal Assistant to Mr. Türkmen
Ted Johnson,,Canada,,Executive Assistant to the Prime Minister
Kenzie MacKinnon,,Canada,,Executive Assistant to the Secretary of State for External Affairs
Jim Mitchell,,Canada,,Department of External Affairs (Policy Analysis)
Michael Phillips,,Canada,,Senior Departmental Assistant to the Secretary of State for External Affairs
Reinhardt Sturmer,,West Germany,,Assistant to Mr. Schmidt
Bernard C. Thillaye,,Canada,,"Director, Strategic Policy Planning, Department of National Defense"
Grant F. Winthrop,,United States,,"Joint Raporteur, Bilderberg Meetings"
Georg Zimmer-Lehmann,,Austria,,"Managing Director,Creditanstalt-Bankverein"
Henrik Aasarod,,Norway,,Norwegian Seamens Union
Kenneth Adelman,,United States,,"Director,U.S. Arms Control and Disarmament Agency, Department of State"
Yıldırım Aktürk,,Turkey,,"Former Under Secretary of State,State Planning Organization"
Dwayne Andreas,,United States,,"Chairman of the Board,Archer-Daniels Midland"
Queen Beatrix of the Netherlands,,Netherlands,,
Nicholas F. Brady,,United States,,"Chairman,Dillon, Read & Co.. Former U.S. Senator"
Albert Breton,,Canada,,"Professor of Economics, Institute for Policy Analysis,University of Toronto"
Richard R. Burt,,United States,,Assistant Secretary of State for European Affairs
Louis Cabot,,United States,,"Chairman of the Board, TheCabot Corporation"
Angelos Canellopoulos,,Greece,,"Vice President,Titan Cement; Member of the Board, Union of Greek Industries"
Jean-Pierre Chevènement,,France,,Member of the National Assembly; President of CERES; Former Minister of Industry
W. Harriet Critchley,,Canada,,"Associate Professor, Faculty of Social Sciences, Department of Political Science,University of Calgary"
Étienne Davignon,,INT,,"Vice President, Commission of the European Communities"
Wisse Dekker,,Netherlands,,"President,Philips Gloeilampenfabrieken"
L.A. Delvoie,,Canada,,"Chairman, Task Force Work Group, Prime Minister's Task Force on East-West Relations and International Security"
David A. Dodge,,Canada,,"Assistant Deputy Minister, Strategic Planning, Department of Employment and Immigration"
James Eberle,,United Kingdom,,"Director,The Royal Institute of International Affairs"
Uffe Ellemann-Jensen,,Denmark,,Minister of Foreign Affiairs
Thomas O. Enders,,United States,,U.S. Ambassador to Spain
Max Geldens,,Netherlands,,"Director,McKinsey & Company"
Charles H. Hantho,,Canada,,"President and Chief Executive officer, CIL Inc."
Crown Prince Harald of Norway,,Norway,,
Alfred Herrhausen,,Federa Republic of Germany,,"Managing Director,Deutsche Bank"
Michael Heseltine,,United Kingdom,,Secretary of State for Defence
Gerald Hinteregger,,Austria,,"Secretary-General, Ministry of Foreign Affairs"
John J. Horan,,United States,,"Chairman and Chief Executive Officer,Merck & Co."
Jaakko Iloniemi,,Finland,,Member of the Management Board of theUnion Bank of Finland; Former Ambassador of Finland to the U.S.
Robert A. Jeker,,Switzerland,,"President of the Executive Board,Credit Suisse"
Lennart Johansson,,Sweden,,"President and Group Executive,SKF; Vice Chairman of the Federation of Swedish Industries"
Karlheinz Kaske,,Federa Republic of Germany,,"President and Chief Executive Officer,Siemens A.G."
Louka Katseli,,Greece,,"Scientific Director,Centre of Planning and Economic Research"
Max Kohnstamm,,INT,,"Former President,European University Institute, Florence"
Kåre Kristiansen,,Norway,,Minister of Petroleum and Energy
Otto Graf Lambsdorff,,Federa Republic of Germany,,Minister of Economic Affairs
Emile van Lennep,,INT,,"Secretary-General,OECD"
Assar Lindbeck,,Sweden,,"Professor of International Economics,University of Stockholm"
Aarnout Loudon,,Netherlands,,"President Board of Management,AKZO"
Joseph Luns,,INT,,"Secretary-General,NATO"
Miguel Angel Martinez,,Spain,,"Member of Parliament and Vice President, Foreign Affairs Committee"
Curt Nicolin,,Sweden,,Chairman of the Swedish Employers' Confederation
Christine Ockrent,,France,,"Editor-in-Chief,Antenne II"
Clas-Erick Odhner,,Sweden,,Head of the Research Section of theSwedish Trade Union Confederation
Robert O'Neill,,INT,,"Director,International Institute for Strategic Studies"
Andre Goncalves Pereira,,Portugal,,"Professor of International Law,University of Lisbon; Former Minister of Foreign Affairs"
William B. Quandt,,United States,,"Senior Fellow, TheBrookings Institution"
John M. Raisman,,United Kingdom,,"Chairman and Chief Executive Officer,Shell UK"
Alice Rivlin,,United States,,"Director Economic Studies Program, TheBrookings Institution; Former Director, TheCongressional Budget Office"
Bernard W. Rogers,,INT,,Supreme Allied Commander Europe
Juan Tomas de Salas,,Spain,,"Editor,Cambio 16andDiario 16"
Wolfgang Schüssel,,Austria,,"Secretary General, Austrian Economic Federation"
Marshall D. Shulman,,United States,,"Director, W. Averell Harriman Institute for Advanced Study of the Soviet Union,Columbia University"
Joseph J. Sisco,,United States,,"Partner, Sisco Associates; Former Under Secretary of State for Political Affairs"
Theo Sommer,,Federa Republic of Germany,,"Publisher,Die Zeit"
Poul J. Svanholm,,Denmark,,"President and Group Chief Executive,United Breweries"
Stig Synnergren,,Sweden,,Principal Aide-de-Camp to the King; Former Supreme Commander
Şarık Tara,,Turkey,,"Chairman, ENKA Group of Companies"
Horst Teltschik,,Federa Republic of Germany,,"Head of Department Foreign Affairs and Security Policy, Chancellor's Office"
Anders Thunborg,,Sweden,,Minister of Defense
Emilio Rui Vilar,,Portugal,,"Vice Governor,Bank of Portugal"
Peter Wallenberg Sr.,,Sweden,,"Vice Chairman,Skandinaviska Enskilda Banken"
John C. Whitehead,,United States,,"Senior Partner,Goldman, Sachs & Co."
Otto Wolff von Amerongen,,Federa Republic of Germany,,"Chairman of the Board of Management,Otto Wolff"
John Hennings,,United Kingdom,,Former High Commissioner in Singapore
Johan H. Andresen,,Norway,,"Chairman and Chief Executive Officer, Tiedemann Group"
Thomas J. Bata,,Canada,,"Chairman,Bata"
Eivinn Berg,,Norway,,"Ambassador and Peramanent Representative, Norwegian Delegation toNATO; Former State Secretary"
John Bierwirth,,United States,,"Chairman,Grumman Corporation"
Bill Bradley,,United States,,U.S. Senator
Louis W. Cabot,,United States,,"Chairman,Cabot Corporation"
Umberto Cappuzzo,,Italy,,"Chief of Staff,Italian Army"
Hélène Carrère d'Encausse,,France,,"Professor,Institut d'Etudes Politiques de Paris; Professor of History and Political Science of the Soviet Union at theSorbonne"
Kaspar V. Cassani,,Switzerland,,"Senior Vice President,IBM Corporation; Chairman, IBM World Trade EMEA Corporation"
Jose Manuel Torres Couto,,Portugal,,"Secretary-General, General Trade Union UGT"
Michel Francois-Poncet,,France,,"Chairman,ParibasNorth America"
Michel Giraud,,France,,"Senator; President, RegionalCouncil of Ile de France"
Donald P. Gregg,,United States,,Assistant to the Vice President for National Security Affairs
William E. Griffith,,United States,,"Proessor, Political Science Department,Massachusetts Institute of Technology"
Franklyn Griffiths,,Canada,,"Professor, Center for Russian and East European Studies,University of Toronto"
Mats Hellström,,Sweden,,Minister for Foreign Trade
Martin Jacomb,,United Kingdom,,"Vice-chairman,Kleinwort Benson Limited"
James R. Jones,,United States,,"U.S. Congressman, Oklahoma"
Basil Kafiris,,Greece,,"Governor,Agricultural Bank of Greece"
Jak Kamhi,,Turkey,,"Chairman of the Board,Profilo Holding"
Geoffrey C. Kent,,United Kingdom,,"Chairman and Chief Executive,Imperial Group"
"Harold Lever, Baron Lever of Manchester",,United Kingdom,,Former Cabinet Minister and Financial Secretary; Former Member of Parliament
"Hans-Adam II, Prince of Liechtenstein",,Liechtenstein,,
Hans B. Van Liemt,,Netherlands,,"Chairman of the Managing Board of Directors,DSM"
Ernani Rodrigues Lopes,,Portugal,,Minister of Finance
Felicien Morel,,Switzerland,,"Director of Finance,Canton of Fribourg; Former M.P."
Osman Esim Olcay,,Turkey,,Ambassador to NATO; Former Foreign Minister
Robert O'Neill,,Australia,,"Director,International Institute for Strategic Studies"
Jean-Claude Paye,,France,,"Secretary-General,OECD"
Leland S. Prussia,,United States,,"Chairman,Bank of America"
Rozanne L. Ridgway,,United States,,U.S. Ambassador to the German Democratic Republic
"Eric Roll, Baron Roll of Ipsden",,United Kingdom,,"Chairman, S. G. Warburg & Co."
Guido Rossi,,Italy,,Lawyer
Onno Ruding,,Netherlands,,"Minister of Finance, Chairman of the Interim Committee of theIMF"
Giovanni Sartori,,Italy,,"Albert Schweitzer Professor in the Humanities,Columbia University"
Richard M. Scammon,,United States,,"Director, Elections Research Center"
Mario Schimberni,,Italy,,"President,Montedison"
Brent Scowcroft,,United States,,"Vice Chairman,Kissinger Associates; Former Member of President's General Advisory Committee on Arms Control"
Patrick Sheehy,,United Kingdom,,"Chairman,BAT Industries"
Javier Solana,,Spain,,Minister of Culture
Norman Tebbit,,United Kingdom,,"Secretary of Trade and Industry; Member of Parliament, Member of the Prime Minister's Cabinet"
Joop den Uyl,,Netherlands,,"Parliamentary Leader, Labour Party; Former Prime Minister"
Mark Weinberg,,United Kingdom,,"Chairman,Hambro Life Assurance"
Norbert Wieczorek,,West Germany,,Member of Parliament
James Wolfensohn,,United States,,"President, James D. Wolfensohn, Inc."
Bernard Wood,,Canada,,"Director,North-South Institute"
Manfred Wörner,,West Germany,,Minister of Defense
Edwin H. Yeo III,,United States,,"Managing Director,Morgan Stanley & Company; Former Under Secretary of the Treasury"
David Young,,United Kingdom,,Minister without Portfolio; Member Prime Minister's Cabinet
Georg Zimmer-Lehman,,Austria,,"Managing Director,Creditanstalt-Bankverein"
Carl Johan Aaberg,,Sweden,,Under-Secretary of State
Torvild Aakvaag,,Norway,,"Director General,Norsk Hydro"
Antony Acland,,United Kingdom,,Permanent Under Secretary of State and Head of the Diplomatic Service; Ambassador-Designate to Washington
Martin Bangemann,,Federal Republic of Germany,,Minister of Economic Affairs
Einar Benediktsson,,Iceland,,Ambassador to the United Kingdom
Tom Boardman,,United Kingdom,,"Chairman,National Westminster Bank"
Hans van den Broek,,Netherlands,,Minister for Foreign Affairs
Yavuz Canevi,,Turkey,,Governor of theCentral Bank of the Republic of Turkey
Alain Chevalier,,France,,"Chairman,Moet Hennessy"
Henry S. F. Cooper Jr.,,United States,,"Deputy U.S. Negotiator, Defense and Space Group"
David Dautresme,,France,,"General Partner, Lazard Freres & Cie"
"Robert A. Day, Jr.",,United States,,"Chairman,Trust Company of the West"
John L. Egan,,United Kingdom,,"Chairman and Chief Executive,Jaguar"
Daniel J. Evans,,United States,,U.S. Senator
Muray H. Finley,,United States,,"President,Amalgamated Clothing and Textile Workers Union"
Barbara Frum,,Canada,,Host ofThe Journal(Television Program of theCanadian Broadcasting Corporation)
Allan Gotlieb,,Canada,,Ambassador to the United States
Alec Douglas-Home,,United Kingdom,,Former Prime Minister; Former Chairman of Bilderberg Meetings
Arnold L. Horelick,,United States,,"Director, TheRand/UCLACenter for the Study of Soviet International Behavior"
Simon Jenkins,,United Kingdom,,"Political Editor,The Economist"
Paul R. Jolles,,Switzerland,,"Chairman of the Board,Nestle; Former State Secretary for Foreign Economic Affairs"
Hans Klein,,Federal Republic of Germany,,Member of Parliament for theCDU/CSU; Spokesman on Foreign Affairs
Franz J. Lutolf,,Switzerland,,"General Manager and Member of the Executive Board,Swiss Bank Corporation"
Antonio Maccanico,,Italy,,"General Secretary, Office of the President of the Italian Republic"
Stephanos Manos,,Greece,,Member of Parliament
Leonardo Mathias,,Portugal,,Ambassador to the United States
Donald McHenry,,United States,,University Research Professor of Diplomacy and International AffairsGeorgetown University; Former Ambassador to theUnited Nations
Tommaso Padoa-Schioppa,,Italy,,"Deputy Director General,Banca d'Italia"
Michael Palliser,,United Kingdom,,"Chairman,Samuel Montagu & Co. Limited; Chairman of the Council,International Institute for Strategic Studies"
Robert L. Pfaltzgraff,,United States,,"President, Institute for Foreign Policy Analysis"
Herbert Pundik,,Denmark,,"Editor-in-Chief,Politiken"
Robert P. Reid,,United Kingdom,,"Chairman,Shell UK"
Malcolm Rifkind,,United Kingdom,,Secretary of State for Scotland
Michel Rocard,,France,,Member of Parliament (Socialist Party)
Mariano Rubio,,Spain,,"Governor,Bank of Spain"
Renato Ruggiero,,Italy,,"General Secretary, Ministry for Foreign Affairs"
Gaetano Scardocchia,,Italy,,"Editor,La Stampa"
Walter Scheel,,Federal Republic of Germany,,Former President; Former Chairman of Bilderberg Meetings
Artur Santos Silva,,Portugal,,"Former Under Secretary of the Treasury; Former Vice President,Bank of Portugal; President,Banco Portugues de Investimento"
John Smith,,United Kingdom,,Member of Parliament (Labour Party)
Luigi Spaventa,,Italy,,"Professor of Economics,University of Rome"
Frank Swaelen,,Belgium,,"President, Christian Democratic Party"
Seyfi Taşhan,,Turkey,,"Managing Director,Foreign Policy Institute"
Nils Morten Udgaard,,Norway,,"Deputy Secretary, Prime Minister's Office"
Angelika Volle,,Federal Republic of Germany,,"Research Fellow,German Council on Foreign Relations"
"Charles, Prince of Wales",,United Kingdom,,
Nils Wilhjelm,,Denmark,,Minister of Industry
Lynn R. Williams,,United States,,"International President,United Steel Workers of America"
Frank G. Wisner,,United States,,"Deputy Assistant Secretary for African Affairs, Department of State"
Alfredo Ambrosetti,,Italy,,"President,Studio Ambrosetti; Organizer 1987 Conference"
Saskia ten Asbroek,,Netherlands,,"Executive Secretary, Bilderberg Meetings"
Alec S. Donkin,,United Kingdom,,"Organizer, 1986 Conference"
Gündüz Aktan,,Turkey,,"Adviser to the Prime Minister, Ministry for Foreign Affairs"
Paul A. Allaire,,United States,,"President,Xerox Corporation"
Michael R. Angus,,United Kingdom,,"Chairman,Unilever"
Nils Astrup Hoel,,Norway,,"Chairman of the Board, Fearnley & Eger"
Édouard Balladur,,France,,"Minister of State; Minister of Economics, Finance and Privatization"
Luigi Caligaris,,Italy,,Author and Defence Correspondent
Costa-Gavras,,Greece,,Director of Companies
Carlo Azeglio Ciampi,,Italy,,"Governor,Banca d'Italia"
Francesco Cingano,,Italy,,"Chairman, Banca Commerciale Italiana"
Richard Darman,,United States,,"Managing Director,Shearson Lehman Brothers; Former Deputy Secretary, Department of the Treasury"
Arthur Dunkel,,Switzerland,,"Director General, General Agreement on Tariffs and Trade"
Fredrik Stefan Eaton,,Canada,,"President and Chief Executive Officer, Eaton's of Canada Limited"
John S. Foster Jr.,,United States,,"Vice President,TRW"
Raul Gardini,,Italy,,"Chairman, Ferruzzi"
Paul Girolami,,United Kingdom,,"Chairman,Glaxo Holdings"
Maynard W. Glitman,,United States,,Negotiator on Intermediate Range Nuclear Arms
Anthony G.S. Griffin,,Canada,,Director of Companies
Helmut H. Haschek,,Austria,,"Chairman of the Board,Osterreichische Kontrollbank"
"Vernon E. Jordan, Jr.",,United States,,"Partner,Akin, Gump, Strauss, Hauer & Feld(Attorneys-at-Law); Former President,National Urban League"
Cor J. Van Der Klugt,,Netherlands,,"President,Philips Gloeilampenfabrieken"
Marc Ladreit de Lacharrière,,France,,"Vice President,L'Oreal"
Frantz J. Lutolf,,Switzerland,,"General Manager and Member of the Executive Board,Swiss Bank Corporation"
Jose Eduardo Moniz,,Portugal,,"Director of Information,Rádio e Televisão de Portugal"
Davíð Oddsson,,Iceland,,Mayor of Reykjavik
Fernando Faria de Oliveira,,Portugal,,"Executive Vice President, IPE"
Yiannos Papantoniou,,Greece,,"Under-Secretary, Ministry of National Economy"
François Perigot,,France,,"Chairman of the National Council, Patronat Francais"
Charles H. Price II,,United States,,Ambassador to the United Kingdom of Great Britain and Northern Ireland
Franco Reviglio,,Italy,,"Chairman,ENI"
Cesare Romiti,,Italy,,"Chief Executive Officer,Fiat"
Julian Santamaria,,Spain,,Ambassador to the United States of America
Antoinette Spaak,,Belgium,,"Minister of State; Former Chairman, Federation des Francophones"
Hubert Védrine,,France,,Former Foreign Policy Adviser to the President
Joris Voorhoeve,,Netherlands,,Parliamentary Leader of theVVD
Lodewijk Christiaan van Wachem,,Netherlands,,"President,Royal Dutch Petroleum Company"
William Waldegrave,,United Kingdom,,"Minister for the Environment, Countryside and Planning"
Peter Wallenberg,,Sweden,,"Vice Chairman,Skandinaviska Enskilda"
Norman Webster,,Canada,,"Editor-in-Chief,The Globe and Mail"
"Brayton Wilbur, Jr.",,United States,,"Executive Vice President, Wilbur Ellis Company"
Zekeriya Yıldırım,,Turkey,,Governor of theCentral Bank
Hans L. Zetterberg,,Sweden,,"Editor-in-Chief,Svenska Dagbladet"
Andreas Andrianopoulos,,Greece,,Mayor of Piraeus; Former Minister of Culture
Francisco Pinto Balsemao,,Portugal,,"Director, Jornal Expresso; Former Prime Minister"
Enrique Baron,,Spain,,"Vice President, European Parliament; President, European Movement; Former Minister of Transport"
Ernst H. van der Beugel,,Netherlands,,"Emeritus Proessor of International Relations,Leyden University; Director of Companies"
Selahattin Beyazit,,Turkey,,Director of Companies
Conrad M. Black,,Canada,,"Chairman,Argus Corporation"
Shirley Temple Black,,United States,,"Foreign Affairs Officer, Department of State; Former Ambassador to the Republic of Ghana"
Franz Blankart,,Switzerland,,"State Secretary for External Economic Affairs, Federal Department of Public Economy"
Ali Bozer,,Turkey,,Minister of State
Nicolas F. Brady,,United States,,"Co-Chairman,Dillon, Read & Co.; Former U.S. Senator"
Francois Bujon de LEstang,,France,,"Minister Plenipotentiary; Former Adviser for Diplomatic Affairs, Defence and Cooperation in the Cabinet of Mr.Jacques Chirac"
Staffan Burenstam Linder,,Sweden,,"President, Stockholm School of Ecnomics; Former Minister of Trade; Former Member of Parliament"
Costa Carras,,Greece,,Director of Companies
Juan Luis Cebrian,,Spain,,"Director and Editor-in-Chief,El Pais"
Marshall A. Cohen,,Canada,,"President, Olympia & York Enterprises Limited"
Vitor M. R. Constancio,,Portugal,,"Leader of the Socialist Party; Former Governor,Banco de Portugal; Former Secretary of State for Budget and Planning"
James Craig,,United Kingdom,,"Director General, The Middle East Association"
Etienne Davignon,,Belgium,,"Director,Societe Generale de Belgique; Former Member of the Commission of the European Communities"
Gerard Eskenazi,,France,,"President, Pargesa Holding"
Thomas S. Foley,,United States,,U.S. Representative
Jean A. Francois-Poncet,,France,,Senator; Former Minister for Foreign Affairs
John R. Galvin,,United States,,Supreme Allied Commander Europe (SHAPE)
Katharine Graham,,United States,,"Chairman,The Washington Post Company"
FIN,,Canada,,Director of Companies
Francois Heisbourg,,France,,"Director, The International Institute for Strategic Studies"
Friedrich Hoess,,Austria,,Ambassador to the United States of America
Karen Elliott House,,United States,,"Foreign Editor,The Wall Street Journal"
William G. Hyland,,United States,,"Editor,Foreign Affairs"
Nancy Landon Kassebaum,,United States,,U.S. Senator
John Keegan,,United Kingdom,,"Military Historian; Defence Correspondent,The Daily Telegraph"
Lane Kirkland,,United States,,"President, American Federation of Labor and Congress of Industrial Organizations (AFL-CIO)"
Henry A. Kissinger,,United States,,"Former Secretary of State; Chairman,Kissinger Associates, Inc."
Thomas Klestil,,Austria,,"Secretary General, Federal Ministry for Foreign Affairs"
Pedro Pablo Kuczynski,,United States,,"Co-Chairman, First Boston International"
Marc Ladreit de Lacharriere,,France,,"Director and First Executive Vice President,L'Oreal"
Drew Lewis,,United States,,"Chairman,Union Pacific Corporation"
Andre Leysen,,Belgium,,"Chairman of the Board, Gevaert N.V.; Vice-chairman, Union of Industrial and Employers Confederations of Europe (UNICE)"
Donald S. MacDonald,,Canada,,"Senior Partner, McCarthy & McCarthy"
Floris A. Maijers,,Netherlands,,"Chairman of the Board of Management,Unilever N.V."
Stephen N. Marris,,United Kingdom,,"Senior Fellow,Institute for International Economics; Former Economic Adviser to the Secretary General,OECD"
"Charles McC. Mathias, Jr.",,United States,,"Partner,Jones, Day, Reavis & Pogue; Former U.S. Senator"
Rupert Murdoch,,United States,,"Chairman,News America Publishing"
Her Majesty The QueenBeatrix of the Netherlands,,Netherlands,,
His Royal HighnessPrince Claus of the Netherlands,,Netherlands,,
Anton Osond,,Austria,,"Chairman of the Board of Management, Osterreichische Investitionskredit"
Theodoros Pangalos,,Greece,,Alternate Minister for Foreign Affairs
Donald E. Petersen,,United States,,"Chairman,Ford Motor Company"
Francisco Lucas Pires,,Portugal,,Member of the European Parliament; Former Leader of the Christian Democrats
Inger E. Prebensen,,Norway,,"President,  Kjobmandsbanken"
Lord Prior,,United Kingdom,,"Chairman,GEC plc; Former Secretary of State for Emploment for Northern Ireland"
Grant L. Reuber,,Canada,,"Deputy Chairman,Bank of Montreal"
James D. Robinson III,,United States,,"Chairman and Chief Executive Officer,American Express Company"
Olivier Roy,,France,,"University Professor and Researcher,Centre National de Recherches Scientifiques(CNRS)"
"Charles S. Sanford, Jr.",,United States,,"Chairman,Bankers Trust Company"
Rüşdü Saraçoğlu,,Turkey,,"Governor,Central Bank of the Republic of Turkey"
Guido Schmidt-Chiari,,Austria,,"Chairman of the Managing Board of Directors,Creditanstalt-Bankverein"
David G. Scholey,,United Kingdom,,"Chairman,S.G. Warburg Group"
Gary G. Sick,,United States,,"Visiting Scholar, Research Institute on International Change,Columbia University"
Gordon S. Smith,,Canada,,"Permanent Representative and Ambassador, Delegation of Canada to the North Atlantic Council"
Ilkka Suominen,,Finland,,Minister of Trade and Industry
Horst Teltschik,,FRG,,"Head of the Directorate-General for Foreign and Intra-German Relations, Development Policy and External Security, Federal Chancellery"
Anders Thunborg,,Swden,,Ambassador to the Soviet Union; Former Minister of Defence
Niels Thygesen,,Denmark,,"Professor of Economics,University of Copenhagen"
Friedrich Verzetnitsch,,Austria,,"President, Austrian Trade Union"
Karsten D. Voigt,,Federal Republic of Germany,,"Member of Parliament;SPDSpokesman on Foreign Affairs; Member, SPD Party Leadership"
James D. Wolfensohn,,United States,,"President,The World Bank Group"
Walter B. Wriston,,United States,,"Former Chairman,Citibank"
Emilio de Ybarra y Clurruca,,Spain,,"Vice Chairman and Managing Director,BBVA"
